,HIS_DATE ,CIM_ENER_SS_FR,CIM_ENER_SS_CH,PEV_ENER_SS_FR,PEV_ENER_SS_CH,RUS_ENER_SS_FR_1,RUS_ENER_SS_FR_2,RUS_ENER_SS_FR_3,RUS_ENER_SS_FR_4,RUN_ENER_SS_FR_5,RUN_ENER_SS_FR_6,RUN_ENER_SS_FR_7,RUN_ENER_SS_FR_8,RUS_ENER_SS_CH_1,RUS_ENER_SS_CH_2,RUS_ENER_SS_CH_3,RUS_ENER_SS_CH_4,RUN_ENER_SS_CH_5,RUN_ENER_SS_CH_6,RUN_ENER_SS_CH_7,AM1_ENER_SS_FR,AM2_ENER_SS_FR,AM1_ENER_SS_CH,AM2_ENER_SS_CH,LOG_ENER_SS_FR,LOG_ENER_SS_CH,GRD_ENER_SS_FR_G,GRD_ENER_SS_FR_I,GRD_ENER_SS_CH_G,GRD_ENER_SS_CH_I,CRP_ENER_SS_FR,CRP_ENER_SS_CH,RES_ENER_SS_FR,RES_ENER_SS_CH,PCE_ENER_SS_CH,UTI_ENER_EG_TCR,UTI_ENER_EC_TCR,RUN_ENER_SS_CH_8
0,2018-07-02,10.1505130441,0.00671549382969,2.91833333333,0.0,0.0,2.9436632758e-06,0.403987913342,0.559810190403,2.03230517024,0.771565463907,0.0,0.0,0.0,0.010195382878,0.0036093617091,0.0,0.00259121472482,8.76151170814e-06,0.000461729970993,1.63595906645,7.03264135351,0.0,0.0841325460206,0.94,0.0,5.00536226609,7.80973277593,0.0,0.0115621022778,2.43271940634,0.0,0.0,0.00128008458239,0.00277591518716,79.6356392106,0.0,8.52492667036e-06
1,2018-07-01,11.5758065368,0.00701517181005,3.80531666667,0.0,3.64929854168,5.80495349405,4.58754127227,7.04157234272,6.7472310373,5.40012497601,0.309177188763,4.33731858616,1.56362511916e-06,0.00983707363048,0.00364427024033,0.0,0.00250653026524,9.57972588367e-06,0.000430700165452,9.16403053701,7.59396751446,0.0,0.0717330927073,1.21,0.0,7.04563425123,7.60024243177,0.0,0.012255079062,3.31959227848,0.0,0.0,0.00102300448782,0.00284827686482,133.264645317,0.0,1.18020980153e-05
2,2018-06-30,10.8494985271,0.00752001639921,4.06798333333,0.0,3.30928435042,5.73028407951,5.00623907381,7.44758060002,7.14468001723,5.951381614,0.122026708785,4.6343673044,1.5953592083e-06,0.0068759013302,0.00250532088103,0.0,0.000849313491926,9.23469633562e-06,0.000389165477827,8.29567815363,7.4444466889,0.0,0.0649524660112,1.25,0.0,6.95217230346,7.10668888182,0.0,0.0115704819254,3.18520951744,0.0,0.0,0.00104815263546,0.00280560656574,133.105810759,0.0,1.42259523273e-05
3,2018-06-29,10.2933172489,0.00786395987961,4.14486666667,0.0,3.48689123983,5.93636540305,5.22721058004,7.83729770096,6.80541217123,6.29387700785,0.199910145377,4.73996391142,0.0,0.00698960602313,0.00251641267096,0.0,0.000679740471242,1.15154580271e-05,0.000394660339225,13.2778928615,7.27074144678,0.0,0.062583233128,1.15,0.0,6.8198292015,7.28774776164,0.0,0.0115068831874,3.03755568853,0.0,0.0,0.00108074910361,0.00273225278033,141.54095642,0.0,1.47564496729e-05
4,2018-06-28,9.25294783218,0.00793291884474,3.41946666666,0.0,3.06495987007,5.41462685448,4.70467412734,7.19621311171,6.93688672277,5.59791173859,0.160628716265,4.21396054008,1.62420838024e-06,0.00687231643678,0.00243791376124,0.0,0.0007194453392,7.50289473217e-06,0.000386579660699,6.22123704106,6.89280524824,0.0,0.0502375433498,0.99,0.0,5.98786996151,5.99458025266,0.0,0.0115369955965,2.94608149312,0.0,0.0,0.00108056446948,0.00271813891959,119.920680619,0.0,1.53658402269e-05
5,2018-06-27,6.65496598512,0.00808445829898,3.21711666667,0.0,3.27525400441,5.52033051446,4.15846703521,6.89057261312,6.4151473427,6.13563480937,0.395670297494,4.20312105537,3.63499566447e-07,0.00699022635672,0.00224480734323,0.0,0.000213604762394,5.26789517608e-06,0.000329853297444,4.16971983388,6.83673790864,0.0,0.0518845102706,0.79,0.0,4.67813078605,5.01471382107,0.0,0.0124032159511,2.30531616188,0.0,0.0,0.000962701576668,0.00262525187281,113.890852876,0.0,1.53542860062e-05
6,2018-06-26,1.78672102842,0.00796867534518,1.43313333333,0.0,0.0,0.0102228311189,0.479793700611,1.46456728787,1.95742943106,0.704702231109,0.0,0.0,0.0,0.00695767197612,0.00212618257501,0.0,0.000520968427736,6.71578163747e-07,0.000378983822884,1.63967047259,6.88288472642,0.0,0.040757386043,0.54,0.0,2.30186986065,1.81528494105,0.0,0.012533780784,1.38620595775,0.0,0.0,0.00101181928778,0.00276156033215,50.6955979156,0.0,1.31166962092e-05
7,2018-07-03,10.8404088224,0.0066337659955,3.00685,0.0,0.0,0.0,0.44709563415,0.572759246723,2.11243075479,0.785056215049,0.0,0.0,7.12574546924e-07,0.0101516098366,0.00324602494948,0.0,0.00281880584225,1.17983581731e-05,0.000465447083116,1.61107490584,7.71535075043,0.0,0.112920409571,0.98,0.0,5.32949407285,8.31934089228,0.0,0.0120525582824,2.68820910566,0.0,0.0,0.00118165075025,0.00266526101223,88.1652485033,0.0,2.70310556516e-06
8,2018-07-04,13.1271830492,0.00653840834275,4.12168333333,0.0,4.32871508808,6.70805266733,5.47931489578,8.71945459016,7.01833880514,7.06806266679,1.4499255755,5.25191988831,1.85788667295e-06,0.0129132805087,0.00454877034645,0.0,0.00283317047069,4.17688570451e-05,0.000410983309848,14.1399301551,8.38973004216,0.0,0.092135865787,1.44,0.0,8.8536364382,10.6617310854,0.0,0.0119688544146,3.36453027563,0.0,0.0,0.000862113038465,0.00295155778076,163.692462799,0.0,1.26488157548e-06
9,2018-07-05,12.5022935932,0.00708252561162,4.26688333333,0.0,4.19521643879,7.37456684112,5.48842911434,9.44426281164,7.58432882746,8.2649663443,1.43973420613,5.03407889733,1.87231125892e-06,0.0129030204698,0.00493590490078,0.0,0.00288345453373,6.3331281126e-05,0.00043619502685,15.0046237223,8.81292865036,0.0,0.0806032560795,1.42,0.0,8.46288871975,10.8409371507,0.0,0.0125187302619,3.52942854934,0.0,0.0,0.00105511056927,0.00311060630884,163.232078015,0.0,2.15795444092e-06
10,2018-07-09,9.51038167436,0.0079373443732,4.20448333333,0.0,0.0,2.20668398097,0.465534653733,2.28780568733,1.85383421634,1.24112660591,0.00225836140817,0.0,4.24082827521e-07,0.0129291994454,0.00459567032522,0.0,0.00239727058215,5.02205948578e-05,0.000295429606922,13.6008337103,8.88677509053,0.0,0.0502949880902,0.94,0.0,4.96996883457,7.61647669975,0.0,0.0126543163788,2.5244709258,0.0,0.0,0.00124987450124,0.0028976572321,105.497337221,0.0,0.0
11,2018-08-23,6.95241436175,0.0070044255699,3.3581,0.0,3.0594090493,5.60771530118,3.83496404144,6.69536568964,7.56927526783,6.96637207562,0.0,4.53471574541,4.45759360446e-06,0.0098366640741,0.00356793025276,0.0,0.00296512503337,4.15224640165e-05,0.000271161770797,5.08525336906,7.58571869196,0.0,0.0303987319785,1.08,0.0,5.33651745119,5.86423115444,0.0,0.0128350700688,2.72511676575,0.0,0.349525683909,0.00128426339461,0.00238326134968,127.370518065,0.0,0.0
12,2018-08-22,5.8633450341,0.00645184423774,2.62603333333,0.0,3.40329805658,5.96731489754,4.10491444064,6.95051341216,7.99084413362,7.81973576489,0.0,4.97735061086,2.20119181904e-06,0.0101068472868,0.00328545900993,0.0,0.00284527090844,3.46337983501e-05,0.000278226521914,4.08210309967,7.487802098,0.0,0.0350276133977,0.92,0.0,4.30148416874,4.87003675973,0.0,0.0126216550925,2.45464849401,0.0,0.0230787506052,0.0011048153176,0.0025948772527,126.574842825,0.0,0.0
13,2018-08-21,7.66102837151,0.00655638211174,2.9309,0.0,0.0,0.351795543982,0.430682325754,0.514979177915,2.19289971007,0.935189858112,0.0,0.0,2.66277857008e-06,0.0100892291666,0.00320802908391,0.0,0.00299423325487,2.49515724136e-05,0.000290901516564,4.05074970424,7.85239895153,0.0,0.0509306344611,0.64,0.0,3.32957728553,4.25944836081,0.0,0.0128007687454,1.68219971069,0.0,0.0427607715028,0.00112297146143,0.00247257138108,76.0444005514,0.0,0.0
14,2018-07-10,9.85753209826,0.00570285780123,4.13181666667,0.0,0.0,2.26759055705,0.475949909509,2.07775803159,1.80311423776,1.21953146383,0.00394928052629,0.0,4.2985266191e-07,0.012784476261,0.00419942094595,0.0,0.00193187788682,2.40309673245e-05,0.000263753347099,13.7679786943,8.52359795132,0.0,0.0537018348259,0.98,0.0,5.24867440035,7.86942702485,0.0,0.0125890357158,2.61878735437,0.0,0.0,0.0011365988131,0.00300573433924,106.127091256,0.0,0.0
15,2018-07-11,9.16029448726,0.0045576611592,4.26526666667,0.0,5.36560849991,7.9755177189,6.4822544134,9.85837154941,9.99571693508,9.32586889407,0.17980295199,6.12733437511,3.49080073647e-06,0.0128826951477,0.0046265189012,0.0,0.00202828241891,2.73108089459e-05,0.000237895175815,11.735436596,8.27111498579,0.0,0.0417995646349,1.25,0.0,8.48935347257,8.30361448487,0.0,0.012415774072,3.53555192005,0.0,0.0,0.000781785548725,0.00314211350451,161.403967323,0.0,0.0
16,2018-07-12,5.30494515267,0.00429082196206,3.2557,0.0,3.58540098125,6.58564024096,5.35195943943,7.92685382282,8.57465418662,8.17780993408,0.0807532360268,5.2927348043,1.57804970513e-06,0.0128049606574,0.0046412468073,0.0,0.00287702891001,3.08561429847e-05,0.000192804989638,7.962817844,7.70033004777,0.0,0.0397480305473,0.93,0.0,6.08362018372,6.03480319136,0.0,0.012784027931,2.58803909291,0.0,0.0,0.000881111330955,0.00311828155282,131.943129635,0.0,0.0
17,2018-07-13,4.67967996086,0.00532353905146,2.39128333333,0.0,2.90659865077,5.48396318599,4.49391180087,6.71049864309,6.71123420083,7.12507924599,0.180197355599,4.54734211471,8.57180566527e-06,0.0127998695607,0.00432572953287,0.0,0.00281805090344,2.84363122773e-05,0.000229976110859,5.16137169674,7.29837042948,0.0,0.0924613447569,0.75,0.0,4.22615145255,4.09185524801,0.0,0.0128476276877,2.12079619497,0.0,0.0,0.000821458415089,0.00262494621165,113.094297228,0.0,0.0
18,2018-07-14,6.71212388707,0.00529371362063,3.38433333333,0.0,3.73425546071,5.88489352757,4.92835249273,6.91524175884,7.4188310295,7.30209999706,0.166221207404,4.719103607,3.84559461963e-06,0.0101305227217,0.00347377709113,0.0,0.00273638942599,4.19034040533e-05,0.000160482275533,0.293782480061,7.04451796623,0.0,0.0843363352687,0.58,0.0,5.30392936178,4.87041483972,0.0,0.0128760939842,2.73533807814,0.0,0.0,0.00104874667477,0.00251346482219,122.958601023,0.0,0.0
19,2018-07-15,7.90839119273,0.00476246722974,3.92101666667,0.0,3.5506328417,6.42583221341,5.23178008507,7.33194745649,8.41217759399,7.4376117697,0.132737871982,5.07589864404,2.52881727647e-06,0.0100552300719,0.003637554124,0.0,0.00278440444163,4.57037094748e-05,0.000183108175406,6.30325619504,8.45903806359,0.0,0.0778467142736,0.75,0.0,6.69810846625,6.35162031009,0.0,0.0128175080899,3.3419617172,0.0,0.0,0.00113905398882,0.00258337416381,137.44247126,0.0,0.0
20,2018-07-16,8.55333195665,0.00438872666564,3.911,0.0,0.0406042365994,0.0175333184961,0.412918797098,0.57580101999,1.28830456085,1.13866116761,0.0034669669767,0.866767099558,2.2185013222e-06,0.0100458017187,0.00353116859333,0.0,0.002855857143,4.50322004326e-05,0.000185370765394,6.82602183521,8.75770654162,0.0,0.082643905298,0.86,0.0,4.00709897498,5.79331631056,0.0,0.0126543163788,2.6285409665,0.0,0.0,0.00129995428085,0.00267850134696,89.2217667921,0.0,0.0
21,2018-07-17,9.07581906232,0.00551675911993,4.13946666667,0.0,0.0341308382831,1.56993467263,0.438926868475,0.610908373917,1.55899650331,1.19840771265,0.0142370790454,0.91484807563,1.54920053319e-06,0.0100545641617,0.00319288787432,0.0,0.00290991744623,2.53069374594e-05,0.000165007455507,7.19603212178,9.1081775378,0.0,0.0809187806954,0.91,0.0,4.39302904453,6.25683250613,0.0,0.0125346320056,2.74045608559,0.0,0.0,0.00116417622246,0.0027819297793,97.6238696304,0.0,0.0
22,2018-07-18,11.5119216672,0.00552219900419,4.3759,0.0,4.66303482782,7.65964176814,5.993131474,9.3352365982,9.55545452201,8.75662373292,0.0498378198754,6.32522334383,1.21455013868e-06,0.00967638162547,0.00357983677532,0.0,0.00276890017267,2.45706323767e-05,0.000149169325596,8.96696829051,8.3520101609,0.0,0.0634557715675,1.26,0.0,8.74450583296,8.54005435697,0.0,0.0122877193935,3.89089984148,0.0,0.0,0.000877336516396,0.00297656440125,159.315236107,0.0,0.0
23,2018-07-19,7.86757808579,0.00611104001291,3.82723333333,0.0,3.96034617806,6.96043603223,5.57377864035,8.20902852519,8.55490205165,7.75860653596,0.106089512645,5.4382342592,2.17246633838e-06,0.0100474217033,0.00380068455706,0.0,0.00266833925343,2.89514428005e-05,0.000150300620589,8.1005446054,8.33070947014,0.0,0.0468846073272,1.14,0.0,6.96220740385,6.66510344714,0.0,0.0118876660999,3.35718796346,0.0,0.0,0.000897364674188,0.00309455338538,141.339615133,0.0,0.0
24,2018-07-20,9.93138045403,0.00596373065491,4.21538333333,0.0,3.92713971677,6.64653557474,5.43434690866,8.01619809442,8.2589857617,7.58209765403,0.134018670891,5.32558987826,2.17522756429e-06,0.0100566587062,0.00370440739789,0.0,0.00279461706668,2.81578177237e-05,0.000140765419928,10.4276706912,8.49577092563,0.0,0.0713686685485,1.21,0.0,7.62126422033,7.37029584662,0.0,0.0126701966001,3.44478711103,0.0,0.0,0.00109124863184,0.00273736894269,146.179054637,0.0,0.0
25,2018-07-21,11.7434203702,0.00662354985252,4.41301666667,0.0,3.94241733337,6.7894124744,5.51664945706,8.33259017098,8.25846031928,7.69179697461,0.320889190953,5.50969839537,2.05406104214e-06,0.0101238006901,0.00377735780785,0.0,0.00289291047375,2.94276178465e-05,0.000169855862623,11.9634116627,9.1606981581,0.0,0.0781300407616,1.31,0.0,8.42232710795,8.25088927319,0.0,0.0127304555353,3.51272501933,0.0,0.0,0.00110009972946,0.00270238412668,154.826686909,0.0,0.0
26,2018-07-22,4.95344655949,0.00783428328577,3.10826666667,0.0,3.17915904735,5.89880016091,5.02349061194,7.01051035263,7.74782828513,7.09289546049,0.41289924492,4.97957750671,0.0,0.0100822770473,0.00374335309607,0.0,0.00282542830973,2.30151272262e-05,0.000122502548038,7.56668424234,8.48874503852,0.0,0.0399692800274,0.95,0.0,6.83151010226,6.81179311336,0.0,0.0121672197711,2.83894895305,0.0,0.0,0.000882606217601,0.00280377151466,131.874205605,0.0,0.0
27,2018-07-23,4.29904627916,0.00878861610545,2.74361666667,0.0,0.0358050134473,1.18186061481,0.421068575673,0.545019243586,1.81279786005,1.09600109579,0.0121554233756,0.823047080805,9.57792508416e-07,0.012401683678,0.00435777398525,0.0,0.00280425027086,3.545916843e-05,0.000218591711018,0.0,6.51890033059,0.0,0.0583423364005,0.63,0.0,3.17241129643,4.6665661216,0.0,0.0128886371094,1.89511661922,0.0,0.0,0.00109783129051,0.00251092942381,58.9361697795,0.0,0.0
28,2018-07-24,5.43183197689,0.00915700366022,2.9744,0.0,0.0357182445568,1.24036591127,0.430417117423,0.556644675831,1.77948369143,1.08374405183,0.00762513189511,0.843517791433,1.09915345092e-06,0.0126924776923,0.00406621495495,0.0,0.00177876448288,2.4253182346e-05,0.000251214238233,0.0,6.440547331,0.0,0.0708247816219,0.67,0.0,3.66504749699,5.53294554696,0.0,0.0128283756785,1.99876934346,0.0,0.0,0.00118055100791,0.00249665464798,63.2619471799,0.0,0.0
29,2018-07-25,11.3813238561,0.00846204551635,4.5886,0.0,4.34228429461,7.49989851698,5.85301556173,9.15818518865,9.27836963059,8.3162193576,0.0804738916322,5.80318172113,1.32994682644e-06,0.0124643600502,0.00453070111689,0.0,0.00119995536807,2.68880176009e-05,0.000218176137423,13.0788632073,8.40517440048,0.0,0.0999988372714,1.47,0.0,9.69483928665,10.5289201013,0.0,0.0123772738953,3.89494217306,0.0,0.0,0.00112235309007,0.00249786071254,162.927908828,0.0,0.0
30,2018-07-26,13.191708404,0.00900865896256,4.85166666667,0.0,3.82090329546,7.29242457612,5.46849688063,9.2825334386,8.44708077898,7.99572040532,0.129171928857,5.70006626007,2.0742554625e-06,0.0100467674711,0.00390543916728,0.0,0.0014740480874,3.03164779325e-05,0.000218591711018,13.8197012171,8.75322087579,0.0,0.0824001200817,1.6,0.0,9.80886389731,11.0665172594,0.0,0.0124450772128,4.0143948554,0.0,0.0,0.00116425133399,0.00266557621035,166.142240393,0.0,0.0
31,2018-07-27,14.0523565253,0.00839533749968,5.26468333333,0.0,4.00601961636,7.1344191266,4.81695217215,9.05556599947,8.93790460197,8.19546649022,0.104323020199,5.7171866853,1.739605068e-06,0.00995094540849,0.00392024335451,0.0,0.00174398626405,6.52709932183e-05,0.000139009367558,13.3572959863,8.9019587472,0.0,0.0755733848637,1.75,0.0,10.2172701622,11.8873396652,0.0,0.0122676330357,5.05545552166,0.0,0.0,0.0011592472199,0.00255494160228,169.698075041,0.0,0.0
32,2018-07-28,17.3756549244,0.00829776457977,5.67598333333,0.0,3.88862051507,6.97560082995,4.66570539584,8.46727968314,7.01880528257,7.66546197576,0.363287941866,5.79433719384,0.0,0.00980799990066,0.00401232182048,0.0,0.00183831034155,8.12712059997e-05,4.48819482699e-05,16.6515350081,9.74361297495,0.0,0.0841080034807,1.99,0.0,11.1191874848,14.0489449476,0.0,0.0125162085387,6.70371714863,0.0,0.0,0.00120276134453,0.00263144634664,178.614332089,0.0,0.0
33,2018-07-29,16.5977483691,0.00885034591192,6.06996666667,0.0,4.17144345299,7.52295930638,4.96685378666,9.06772189177,9.27355601118,8.14069116518,0.159659042007,6.2771231865,0.0,0.0101210866778,0.00409458795912,0.0,0.00292995704149,9.66570951277e-05,0.000177865498699,18.3933740854,9.62805633161,0.0,0.081414011911,1.98,0.0,9.78138409936,12.5893559568,0.0,0.0127312924596,6.70371714863,0.0,0.0,0.00118741685276,0.00276408626996,184.320442121,0.0,0.0
34,2018-07-30,4.69123648909,0.00931929331273,3.83998333333,0.0,0.0362472073921,0.442336416716,0.530094909671,0.651085547139,2.04019671011,1.15859898505,0.000545552093172,0.926933918316,0.0,0.0098786639137,0.00384392699925,0.0,0.00481141374985,0.000104093418486,0.000214020401472,5.64469866827,8.48625773205,0.0,0.0552205278145,0.85,0.0,2.73172193352,5.18063302951,0.0,0.0134510486387,6.70371714863,0.0,0.0,0.000936247130767,0.00337693505389,81.8900989352,0.0,0.0
35,2018-07-31,5.54756069777,0.00931929331273,3.01261666667,0.0,0.0410977322881,0.403048398879,0.503089025999,0.61424911892,1.94089689446,1.18649548988,0.000970378014244,0.855105219733,0.0,0.00984561637597,0.00342621075106,0.0,0.0034240809473,7.92089267634e-05,0.000266174909484,4.45253924653,7.69983975268,0.0,0.0483343896631,0.73,0.0,2.19078386808,4.10386082809,0.0,0.013759872425,6.70371714863,0.0,0.0,0.00102597695843,0.00282182645606,73.062260795,0.0,0.0
36,2018-08-01,7.64196929151,0.00960106824641,4.15166666667,0.0,4.61085480682,7.78646992441,5.46530704024,9.38207016826,10.4879106061,8.96490416411,0.21078996958,6.48257539524,8.71244992595e-07,0.00988913963374,0.00352430899511,0.0,0.00317318780071,7.62438212405e-05,0.000289863593935,8.56125017256,8.18240163647,0.0,0.0529178818542,1.29,0.0,7.12608698316,7.79441789587,0.0,0.0130292519461,6.70371714863,0.0,0.0,0.00110198693687,0.00252371733404,155.20602278,0.0,0.0
37,2018-08-02,7.56220705717,0.00907536101295,4.44713333333,0.0,4.22528559357,7.1459306558,5.11763824539,8.35090057521,9.70920849705,8.39113964284,0.0824972024511,5.87413283896,4.10832217312e-06,0.00987333026569,0.00379678254831,0.0,0.00316721174022,5.12139195052e-05,0.000242279405938,9.27097405493,8.29130220643,0.0,0.0559533938795,1.34,0.0,5.99585739145,7.42673730024,0.0,0.0126543163788,6.70371714863,0.0,0.00431609555017,0.00122574216141,0.00253233638068,149.621920419,0.0,0.0
38,2018-08-03,10.9797502053,0.00927448942093,4.5823,0.0,4.21632893315,7.02425256618,5.02040102251,7.89570143549,8.33167936283,7.82839578308,0.268748654107,5.7009329789,3.92721631215e-06,0.00991932920442,0.00377497443696,0.0,0.00316611847302,4.49567378382e-05,0.000220877365791,10.6267207563,8.71366582254,0.0,0.0754366771289,1.43,0.0,5.67490640955,7.15536235171,0.0,0.0130878276395,6.70371714863,0.0,0.0120403120736,0.0013882756466,0.00260624697148,151.027728355,0.0,0.0
39,2018-08-04,13.534045311,0.00932028898387,5.11203333333,0.0,4.13598587062,7.14203896616,4.73378225605,8.84947339907,8.52111247809,7.96929833694,0.11102562763,6.18445690281,2.30810110224e-06,0.00996770972415,0.00383527181111,0.0,0.00302380861103,4.05701139243e-05,0.000140671661939,11.995686546,8.98894355339,0.0,0.092580789038,1.59,0.0,6.39794429392,8.35576911623,0.0,0.0130953563203,6.70371714863,0.0,0.0368575836756,0.0013243109762,0.00275572256396,160.189526843,0.0,0.0
40,2018-08-05,15.7542234185,0.00865619571414,5.76031666667,0.0,3.8965102589,7.47708346287,4.43001194552,8.61814078669,8.85013435371,7.99133707282,0.117679917328,6.84209167615,1.02613194031e-06,0.00992390036845,0.00394890434109,0.0,0.00329084864643,3.31417832058e-05,0.000152515509399,14.9928054921,9.71513120946,0.0,0.100557939099,1.9,0.0,7.47899959981,9.51310111843,0.0,0.0126735611702,6.70371714863,0.0,0.00764018036807,0.0013867964758,0.00270724713664,174.138370448,0.0,0.0
41,2018-08-06,8.53216688597,0.00849689298775,4.46458333333,0.0,0.0406390585631,0.502351136071,0.495485483039,0.601119052997,1.4861680692,1.11959542544,0.00792164744053,1.18180835029,1.22897472465e-06,0.00983961755992,0.00345307571115,0.0,0.00294688171925,6.27916160738e-05,0.000185553610208,13.8795891851,9.5636542203,0.0,0.097447326676,1.1,0.0,3.74430649402,5.90786315006,0.0,0.0134242657805,6.70371714863,0.0,0.0101346971433,0.00123262375712,0.00322090754707,105.899029774,0.0,0.0
42,2018-08-07,8.53216688597,0.00849689298775,4.46458333333,0.0,0.0406390585631,0.502351136071,0.495485483039,0.601119052997,1.4861680692,1.11959542544,0.00792164744053,1.18180835029,1.22897472465e-06,0.00983961755992,0.00345307571115,0.0,0.00294688171925,6.27916160738e-05,0.000185553610208,13.8795891851,9.5636542203,0.0,0.097447326676,1.1,0.0,3.74430649402,5.90786315006,0.0,0.0134242657805,6.70371714863,0.0,0.0101346971433,0.00123262375712,0.00322090754707,105.899029774,0.0,0.0
43,2018-08-08,15.6837850801,0.00812551850686,5.2282,0.0,5.21730694643,8.52565982257,5.26152329014,10.5356601116,9.96641732862,9.49764815471,0.343155253518,6.99199360724,1.75979948835e-06,0.00997828091204,0.0038001294015,0.0,0.00290954142838,6.05617751717e-05,0.000235214654822,20.1295998059,8.96234271734,0.0,0.0955449459652,1.69,0.0,8.38258090129,9.41404655404,0.0,0.0135255336209,6.70371714863,0.0,2.12301916357,0.000960029521821,0.00321762538624,184.339385433,0.0,0.0
44,2018-08-09,18.7482979018,0.00782881552004,5.6088,0.0,4.41485492976,7.84297501585,4.85523106276,9.59170955628,9.61802018531,8.415004322,0.455868586114,6.85773466994,0.0,0.00976457122306,0.00411242005066,0.0,0.00311255803535,6.95317430655e-05,0.000272824065178,14.4194257706,9.44996785933,0.0,0.096078977178,1.92,0.0,7.74745595039,10.6094441113,0.0,0.0127564001887,6.70371714863,0.0,2.34479084243,0.00110188322083,0.00310810156407,179.055530706,0.0,0.000283687564661
45,2018-08-10,8.20862635909,0.00790548161604,4.14976666667,0.0,4.37114171403,7.20961166929,5.45766951968,9.30500107787,9.16947814105,8.31896202164,0.185266314355,6.57687084956,7.35653884476e-07,0.00981580765801,0.00390087280539,0.0,0.00308458057407,6.85692066327e-05,0.000272824065178,9.05952989683,9.19335600877,0.0,0.0784171441701,1.4,0.0,3.49275382678,7.45979223556,0.0,0.012654295424,6.70371714863,0.0,0.881528067708,0.000880505017221,0.00311560051159,152.176135278,0.0,0.000120054413856
46,2018-08-11,2.97944138966,0.00815040955786,1.97536666667,0.0,2.73950499619,5.2442259508,3.94858789558,6.80159656727,7.64975121937,7.1374364299,0.0,4.99199823687,3.86578903999e-07,0.00999675560888,0.00357686515781,0.0,0.00319572779699,4.977836943e-05,0.000264512593276,3.26208688691,6.39391476078,0.0,0.0691073019334,0.7,0.0,2.82493111384,3.26469525666,0.0,0.013607552668,6.70371714863,0.0,0.0434592565844,0.000921204824067,0.00283484543615,104.737962859,0.0,5.25207724422e-07
47,2018-08-12,3.93788388981,0.00796522013843,2.28056666667,0.0,2.90406087769,4.84001918245,3.80875300032,5.96879971353,6.71183992392,6.3934967757,0.0,4.39217833435,1.96751352632e-06,0.0100224695343,0.00321793276817,0.0,0.00301860006221,2.66499300778e-05,0.000216098269448,3.87125781924,6.4824681,0.0,0.0761955660491,0.64,0.0,3.36398416909,3.61229868786,0.0,0.0138184584212,4.35107922437,0.0,0.163131794254,0.000879615180793,0.00251539511191,101.734639844,0.0,0.0
48,2018-08-13,4.46218651408,0.00788556877524,2.52611666667,0.0,0.0,0.351319323188,0.452934412238,0.480221323614,1.88548511811,0.962135917147,0.0,0.0,3.04668355966e-06,0.00993971032585,0.00316908094101,0.0,0.00296813824752,2.10786820389e-05,0.000244565060711,1.04300982878,7.11467199238,0.0,0.0903332153248,0.6,0.0,2.77026043585,3.28659377265,0.0,0.0137138418067,1.41371242598,0.0,0.175895423064,0.00117344158855,0.00239060720014,58.4735624716,0.0,0.0
49,2018-08-14,6.87223266019,0.00759384565754,3.02405,0.0,0.0,0.369436785193,0.465449220272,0.517732247776,1.87945255993,0.960967674822,0.0,0.0,1.60978379427e-06,0.0100700866969,0.00318231759593,0.0,0.00274243747845,2.34436847677e-05,0.000244357273914,2.28898859024,7.9817081495,0.0,0.0961082369759,0.66,0.0,3.03618452261,3.98665634244,0.0,0.0136293122341,1.70135873902,0.0,0.035204167445,0.00115969661192,0.00239166429492,68.9702965793,0.0,0.0
50,2018-08-15,5.63638816476,0.00750523351599,2.78903333333,0.0,3.56928790244,6.04656672767,4.35305154728,7.21604437442,7.69252434111,7.32239977458,0.0,5.4979480633,1.33860157803e-06,0.0100960862255,0.00327869711327,0.0,0.00275756387418,2.45388873736e-05,0.00033643504139,5.41887536272,8.04033913141,0.0,0.088481493156,0.9,0.0,4.4318033341,5.40524798984,0.0,0.0124668227509,2.18256057744,0.0,0.201475418176,0.000890742053116,0.00221844115185,126.972055678,0.0,0.0
51,2018-08-16,6.15199872502,0.00778301764512,2.45051666667,0.0,2.67456927499,5.14843290075,3.5548085425,6.650669681,6.26601902882,6.05271994831,0.0,4.60518447945,2.94838537229e-06,0.00989028167533,0.00346050210646,0.0,0.00293460258399,2.58086874965e-05,0.000349707064743,3.68428789824,7.31801121749,0.0,0.0430279544889,0.82,0.0,3.87556251054,4.58955185517,0.0,0.0127656046097,2.16693108377,0.0,0.214145245036,0.00102964462985,0.00231278418505,110.384624204,0.0,0.0
52,2018-08-17,9.53802552573,0.00706214873935,3.88841666667,0.0,3.40955193382,6.42979737121,4.28268734982,7.46369957311,7.43438662587,7.63965195455,0.0,5.31687928614,2.96584767057e-06,0.0101674178586,0.0035535543866,0.0,0.00292519011418,3.13958080369e-05,0.000399370786909,5.60949988291,8.07108275426,0.0,0.0416565626874,1.18,0.0,6.55006368735,7.68226753159,0.0,0.0128509793285,2.83115950092,0.0,0.574485637085,0.00120100090396,0.00238568991699,137.512700024,0.0,0.0
53,2018-08-18,6.10619390993,0.00652548199287,3.0581,0.0,2.98492529309,5.78448324611,3.666259388,6.8832104131,7.25187119727,6.83571782194,0.0,4.39926798366,1.67613688973e-06,0.00995751892333,0.00345116914832,0.0,0.00282883586988,2.9173657822e-05,0.000342643244949,5.0247906372,7.11862576701,0.0,0.0454514795565,0.9,0.0,4.04413737589,4.78700626643,0.0,0.0122508944041,2.46211358756,0.0,0.230749023801,0.00092382023513,0.00269557018692,116.726976879,0.0,0.0
54,2018-08-19,6.10619390993,0.00652548199287,3.0581,0.0,2.98492529309,5.78448324611,3.666259388,6.8832104131,7.25187119727,6.83571782194,0.0,4.39926798366,1.67613688973e-06,0.00995751892333,0.00345116914832,0.0,0.00282883586988,2.9173657822e-05,0.000342643244949,5.0247906372,7.11862576701,0.0,0.0454514795565,0.9,0.0,4.04413737589,4.78700626643,0.0,0.0122508944041,2.46211358756,0.0,0.230749023801,0.00092382023513,0.00269557018692,116.726976879,0.0,0.0
55,2018-08-20,7.66102837151,0.00655638211174,2.9309,0.0,0.0,0.351795543982,0.430682325754,0.514979177915,2.19289971007,0.935189858112,0.0,0.0,2.66277857008e-06,0.0100892291666,0.00320802908391,0.0,0.00299423325487,2.49515724136e-05,0.000290901516564,4.05074970424,7.85239895153,0.0,0.0509306344611,0.64,0.0,3.32957728553,4.25944836081,0.0,0.0128007687454,1.68219971069,0.0,0.0427607715028,0.00112297146143,0.00247257138108,76.0444005514,0.0,0.0
56,2018-08-27,3.55169996986,0.00608549965546,1.47165,0.0,0.0,0.721534697299,0.43549065369,1.06356338847,2.23394611069,0.895587724233,0.0,0.0,3.47579771187e-07,0.00970504842553,0.00319298310205,0.0,0.00282145659367,1.7078811652e-05,0.000321862607962,0.0699186697602,5.33494855142,0.0,0.0816823234127,0.44,0.0,1.21451898868,1.6510577303,0.0,0.01327864833,1.00847170978,0.0,0.0151347959627,0.000865448813897,0.00244973788176,45.0843613076,0.0,0.0
57,2018-08-26,3.98077900409,0.00563680290361,1.85436666667,0.0,1.9113520216,4.12896170669,2.91071655458,5.61760140275,5.72588192793,5.49698739876,0.0,3.153847289,3.46190063283e-07,0.00950591035507,0.00344335639966,0.0,0.00284564683898,2.4015094823e-05,0.000309810267936,2.46742011607,6.13524978369,0.0,0.0814864199201,0.65,0.0,1.54102447847,2.27228694801,0.0,0.0131865792791,1.5989774712,0.0,0.0269246952512,0.000721063312653,0.00277983715205,88.903427207,0.0,0.0
58,2018-08-25,6.59994646219,0.00641055902815,3.50505,0.0,2.98198496639,6.09840398717,3.72757916919,7.24624587823,7.58393319164,7.27933090186,0.0,4.53094413451,0.0,0.00955057731335,0.00360878929496,0.0,0.00296927322779,3.19672180922e-05,0.000267006034846,5.5088868849,7.81350848178,0.0,0.0468652732743,1.11,0.0,4.9489532329,6.01080945379,0.0,0.012679403153,2.68976467452,0.0,0.480962397585,0.00104685980352,0.00278063265068,128.806450848,0.0,0.0
59,2018-08-24,9.84246001273,0.00645184423774,4.03031666667,0.0,3.33595994032,6.51054364132,4.00849528544,7.47629202677,8.38395002237,6.94222903362,0.0,4.74898224016,2.8012545954e-06,0.00951076773345,0.00360145713785,0.0,0.00297154947475,5.67918104935e-05,0.000209033518331,7.47339936346,8.26417146879,0.0,0.0363664329925,1.35,0.0,6.87876070809,8.08952729874,0.0,0.0124425517133,3.16876411183,0.0,0.811381184361,0.00127296216431,0.00243658761974,142.204514009,0.0,0.0
60,2018-09-23,2.59720725728,0.134560321225,1.17501666667,0.0,1.83509540851,3.64039621539,2.52970436603,4.3702746212,4.15419531311,3.92616413113,0.0,2.94211772928,2.42333044298e-07,0.00998789731966,0.003316563525,0.614433111507,0.00357397870903,3.89193737647e-05,4.74482294521e-05,2.95326310396,3.77262904499,0.0,1.20463512249,0.54,0.0,1.61221561197,2.2019644236,0.015014770408,0.0151757522399,1.13151048983,0.0,0.00156672909816,0.000821109784511,0.00272736232728,78.0475173503,0.0,0.0
61,2018-08-28,4.80300274114,0.00581134739332,1.58788333333,0.0,0.0,0.6460868586,0.401193471407,0.994160529292,2.10865501143,0.903755401963,0.0,0.0,1.12511770567e-07,0.00998218321911,0.00310096354224,0.0,0.00262977926468,1.64121665875e-05,0.000361134501873,0.750806007534,5.69775557911,0.0,0.0296678008235,0.4,0.0,0.821013018955,1.20368565002,0.0,0.0135874660191,0.977813900201,0.0,0.00758105026307,0.000890672270884,0.00230004608966,47.4381394936,0.0,0.0
62,2018-08-30,7.6641126254,0.00551675911993,2.73493333333,0.0,2.42719795113,4.48604935791,2.9976935625,5.19922496625,5.5044566135,5.39535753644,0.0,3.44499665147,0.0,0.00997989757889,0.00339999495191,0.0,0.00248158322938,1.48566614371e-05,0.000280304389889,4.23273262009,6.08534412505,0.0,0.047296302022,0.72,0.0,3.46504953897,4.36926557815,0.0,0.0131589607772,1.30709931705,0.0,0.202622496787,0.00101872962409,0.0023171797784,98.7509294508,0.0,0.0
63,2018-08-29,5.03970620348,0.00533627392724,2.03748333333,0.0,2.26920120784,4.28956202774,3.05931394481,5.28882197433,5.44687146114,5.57508781452,0.0,3.42288684941,3.66384483641e-07,0.00999227813008,0.00319658452645,0.0,0.00255190099415,1.71105566551e-05,0.000285499059828,2.52540465072,6.58541329142,0.0,0.044836343608,0.68,0.0,2.22768544123,3.06016036982,0.0,0.0132987271354,1.77228240715,0.0,0.0954153862449,0.00118750341062,0.00214172757478,95.6257771231,0.0,0.0
64,2018-08-31,4.11870214384,0.00551675911993,1.09425,0.0,1.63487485092,3.54716997605,2.71544724291,4.45903340352,4.91137228814,5.18227477061,0.0,3.0149001355,0.0,0.00995075566607,0.00340849897475,0.0,0.0026044469887,2.20469046326e-05,0.000180774513865,1.85062669218,6.23446486485,0.0,0.0753324388861,0.6,0.0,1.29742126827,2.05445135485,0.0,0.0129731635825,1.79219290748,0.0,0.0168268916041,0.000994643174181,0.0023323306159,84.9571382847,0.0,0.0
65,2018-09-01,4.63894868965,0.00575752972509,1.2855,0.0,1.99444890804,3.88317515398,2.51852483298,4.49864617514,4.75199744793,4.57904124866,0.0,2.78295403671,1.06741936179e-06,0.00993647041469,0.00310214533238,0.0,0.00252089124115,1.67137441167e-05,0.000101007477497,2.63761267439,6.05142703215,0.0,0.0524044857666,0.6,0.0,2.26599899941,3.2715509252,0.0,0.0126543163788,1.42606781545,0.0,0.0854633033514,0.00112211085332,0.00308434720864,84.0023966753,0.0,0.0
66,2018-09-03,3.43127754216,0.0068968316773,1.23595,0.0,0.0,0.25375990678,0.384272119998,0.608020980722,2.05749151124,0.692694593734,0.0,0.0,3.89463821193e-07,0.0100079919066,0.00317861419171,0.0,0.00290349323041,1.79835442395e-05,0.000184077856829,0.106474515051,5.78594649454,0.0,0.0607434973863,0.45,0.0,2.10217528362,2.74515031432,0.0,0.0126543163788,0.941044740168,0.100352,0.0524640918393,0.00152550168798,0.00285366956086,45.0229958957,0.0,0.0
67,2018-09-04,3.86167901206,0.00740678748116,1.30766666667,0.0,0.0,0.28881561185,0.3702592972,0.595037169478,2.0273438506,0.733177451762,0.0,0.0,0.0,0.0100127538462,0.003152807476,0.0,0.00264716472884,2.19834146264e-05,0.000232077087276,0.249725114554,5.63190463247,0.0,0.0585779268295,0.45,0.0,2.31110616378,3.04759800674,0.0,0.0126543163788,1.02870330342,0.0,0.0819116334478,0.001566168767,0.00185922413948,47.9635794354,0.0,0.0
68,2018-09-05,5.95187676864,0.00674273818731,2.15386666667,0.0,2.22038041035,4.27100608693,2.73181190761,5.20953255899,5.19648059431,5.4416311653,0.0,3.38555890594,0.0,0.0100284674336,0.00316280638799,0.0,0.00256153973896,1.81581417564e-05,0.00020266341744,3.30222951248,6.34963594562,0.0,0.0360709201123,0.62,0.0,2.8235626088,4.07634600987,0.0,0.0127053631295,1.58162902146,0.0,0.132450784472,0.00184465962184,0.0011169860536,95.0121477748,7.67167657614e-05,0.0
69,2018-09-06,3.28741983171,0.0066652657697,1.78256666667,0.0,1.5736523401,3.43478313459,2.39630120516,4.264174306,4.39990860205,4.67800297344,0.0,2.74368284135,0.0,0.0100317054239,0.0032329892274,0.0,0.00275264813899,2.28564022109e-05,0.000186178833246,1.95750010014,6.60934721111,0.0,0.0310062371573,0.55,0.0,1.83903882274,2.78415303233,0.0,0.0129882312758,1.17557914818,0.0,0.0,0.00140037079871,0.0014892883537,84.0117277255,0.0,0.0
70,2018-10-16,5.05704471788,0.229369208158,1.20988333333,0.0,0.0,0.689092516881,0.406046858825,1.77778287327,2.05028515537,0.491222724824,0.0,0.0,6.91448440193e-06,0.00678175158828,0.000633598043351,4.68063642898,0.00257083325414,0.0,0.0,2.00629444048,4.37867751127,0.0,2.52865544512,0.0,0.0,1.12051253536,1.90432120617,0.0806368178419,0.0549678873358,1.21802196532,0.0,0.00757000667272,0.00159342682684,0.00228278183204,42.2287933698,0.0,0.0
71,2018-09-07,5.8974697839,0.00720860037836,2.5805,0.0,2.21451676224,4.52699830789,2.782314458,5.15715666023,5.23432551939,5.23690625538,0.0,3.36046672582,0.0,0.00993827987986,0.00322410083027,0.0,0.00244906987064,2.36182822846e-05,0.000127997947857,3.82646011189,7.67279341675,0.0,0.242745752221,0.8,0.0,4.01823207331,5.42270715907,0.0,0.0125538819702,1.81979603039,0.0,0.0,0.00167439100926,0.00273865953932,106.300065605,0.0,0.0
72,2018-09-08,3.18504725548,0.00869716136367,1.93655,0.0,1.5626791477,3.00319943991,2.43249099784,3.68506478815,4.5456553317,4.90875281356,0.0,2.92344943158,0.0,0.00998037375393,0.00340335312649,0.0,0.0027414757642,2.47293573921e-05,0.000167130681803,2.31864876673,6.55159160179,0.0,0.412411900012,0.66,0.0,2.18465244051,3.49965103436,0.0,0.012654295424,1.44408520253,0.0,0.0,0.00157985831731,0.00359271500929,87.8050428352,0.000195044092834,5.90662239119e-08
73,2018-09-09,3.20214851957,0.00851968731149,1.68748333333,0.0,1.52240771829,3.01101059638,2.15417531581,3.62980739889,4.31298376292,3.2260700644,0.0,2.69883212344,3.17340891343e-07,0.00997608817852,0.00323335116263,0.0,0.00259312218986,2.03961644729e-05,5.56868617423e-05,2.45499260351,5.80715584117,0.0,0.476288233491,0.53,0.0,1.80915997655,3.04297882174,0.000609197632002,0.012654295424,1.18685305789,0.0,0.0,0.000959984415317,0.00296800978685,77.9928276252,1.27821950428,1.58470356837e-08
74,2018-09-10,3.11118231856,0.00771499105031,1.49163333333,0.0,0.0,0.274162242975,0.358159448937,0.713213926094,2.04918904597,0.52776657018,0.0,0.0,6.83725374984e-07,0.00992266133835,0.00313538080081,0.0,0.00259045893472,1.8412101781e-05,0.000180566727067,1.0691155307,5.5899316217,0.0,0.405539809399,0.41,0.0,2.07457178418,2.76704078082,9.40938916756e-05,0.013428451246,0.892791715196,0.0,0.0,0.000927455395299,0.0049415611611,51.7634797872,1.27821950428,0.0
75,2018-09-11,6.83881007423,0.00686277786735,1.90948333333,0.0,0.0,0.251454387806,0.375011978213,0.562082786946,2.02651457235,0.517282673507,0.0,0.0,1.15396687761e-07,0.00992470275378,0.00306900197756,0.0,0.00259763790746,2.16659645957e-05,0.000216306056245,1.83612396196,6.12720903436,0.0,0.311738663579,0.46,0.0,3.21461757843,4.27606563641,0.0,0.0130351103144,1.25448145866,0.0,0.0,0.0010980409553,0.00292588204502,62.8360509385,0.0,0.0
76,2018-09-12,5.67026210076,0.00674273818731,2.1003,0.0,2.42576537283,4.61203253569,2.87487426031,5.55356509841,5.76822983524,3.79400887621,0.0,3.8011389466,0.0,0.00998904010339,0.00316737228422,0.0,0.00255945407116,2.47452298936e-05,0.00010077659681,3.41057508439,5.84860646903,0.0,0.434451570807,0.69,0.0,3.26053310579,5.19438342364,0.0,0.0127128945605,1.74772394376,0.0,0.0,0.00109061290379,0.00271823108596,100.845524314,0.0,0.0
77,2018-09-13,8.61285713257,0.00665419525467,2.77218333333,0.0,2.76058582289,5.47519434407,3.12816252362,6.64095306551,5.00439060396,3.7967612936,0.0,4.04078251204,0.0,0.0100353243542,0.00349730491871,0.0,0.00269895955716,2.69197626039e-05,0.000162489275681,6.09940747544,6.52035508527,0.0,0.396955394164,0.94,0.0,5.22605771484,6.55301253917,0.0,0.0126743816072,2.32529235063,0.0,0.462985703603,0.00100418628085,0.00277279644797,113.873547793,0.0,0.0
78,2018-09-14,2.51615118026,0.00672996757203,1.28758333333,0.0,1.39018668311,3.38736348417,2.33903428046,4.98209867216,11.5860264531,3.52770781778,0.0,2.72616168386,0.0,0.0099965637055,0.00336829994922,0.0,0.00520757213962,2.28564022109e-05,0.000138178220368,1.93149050698,5.78666959252,0.0,0.86697435836,0.57,0.0,1.03493560126,1.78077560058,0.0,0.0133188133186,1.08915848154,0.0,0.0039371728044,0.000896340225836,0.00299024176638,78.4052456353,0.0,0.0
79,2018-09-15,3.3667871395,0.105662187416,1.30216666667,0.0,1.93791412422,4.00552841371,2.38807375402,4.79874509989,7.07852797802,3.5374045293,0.0,2.84286788412,8.16431565909e-07,0.0100166582924,0.00312661984935,0.0,0.316323977397,2.6062647521e-05,0.00885864302109,2.73500521854,5.39146285926,0.0998399999999,2.79653166881,0.55,0.0,1.23879564821,2.08462115908,0.125026179572,0.0603043380688,1.25142115307,0.0,0.0406095144399,0.00587855530648,0.0746851260647,79.4714766943,9.18007813953,0.00212253940117
80,2018-09-16,3.3667871395,0.105662187416,1.30216666667,0.0,1.93791412422,4.00552841371,2.38807375402,4.79874509989,7.07852797802,3.5374045293,0.0,2.84286788412,8.16431565909e-07,0.0100166582924,0.00312661984935,0.0,0.316323977397,2.6062647521e-05,0.00885864302109,2.73500521854,5.39146285926,0.0998399999999,2.79653166881,0.55,0.0,1.23879564821,2.08462115908,0.125026179572,0.0603043380688,1.25142115307,0.0,0.0406095144399,0.00587855530648,0.0746851260647,79.4714766943,9.18007813953,0.00212253940117
81,2018-09-17,4.01462236764,0.252923419466,1.26438333333,0.0,0.0,0.70006556818,0.354813792354,1.00555652709,1.47697512858,0.518939301368,0.0,0.0,2.25023541134e-07,0.010053609476,0.00302937513334,0.0,0.00539194598241,1.92692168639e-05,0.00589121012308,2.10383531451,4.72631358407,0.0,1.11129171108,0.41,0.0,1.08233155642,1.50963100517,0.112016794912,0.0411573759338,1.00927525522,0.0,0.0278064856739,0.00118296962773,0.00105380170135,46.9457431553,0.0,0.000424361001933
82,2018-09-18,4.01462236764,0.252923419466,1.26438333333,0.0,0.0,0.70006556818,0.354813792354,1.00555652709,1.47697512858,0.518939301368,0.0,0.0,2.25023541134e-07,0.010053609476,0.00302937513334,0.0,0.00539194598241,1.92692168639e-05,0.00589121012308,2.10383531451,4.72631358407,0.0,1.11129171108,0.41,0.0,1.08233155642,1.50963100517,0.112016794912,0.0411573759338,1.00927525522,0.0,0.0278064856739,0.00118296962773,0.00105380170135,46.9457431553,0.0,0.000424361001933
83,2018-09-19,5.081991652,0.259934731352,1.77725,0.0,2.27388540362,4.33322381352,2.82330624896,5.82451140248,4.37391968108,3.85752414511,0.0,3.48886852422,0.0,0.0100355150862,0.00351982860593,0.0,0.00697056101853,2.61102650256e-05,0.000261859422608,4.06932888925,5.1845884252,0.0,1.76717723184,0.7,0.0,2.47218313505,3.60187034809,0.08899590687,0.053265099159,1.81674790633,0.0998399999999,0.15151900606,0.00110957705624,0.000130349850224,97.1532191528,1.25691584591,0.000317950492899
84,2018-09-20,5.081991652,0.259934731352,1.77725,0.0,2.27388540362,4.33322381352,2.82330624896,5.82451140248,4.37391968108,3.85752414511,0.0,3.48886852422,0.0,0.0100355150862,0.00351982860593,0.0,0.00697056101853,2.61102650256e-05,0.000261859422608,4.06932888925,5.1845884252,0.0,1.76717723184,0.7,0.0,2.47218313505,3.60187034809,0.08899590687,0.053265099159,1.81674790633,0.0998399999999,0.15151900606,0.00110957705624,0.000130349850224,97.1532191528,1.25691584591,0.000317950492899
85,2018-09-21,5.27620802177,0.220332201745,1.99551666667,0.0,2.6258643542,4.75320068505,2.96807788893,6.45165243889,4.54510866111,4.32671489876,0.0,3.6971217597,0.0,0.0100596092816,0.00351825464168,0.0,0.00258800315351,3.71416535927e-05,0.000140002463013,4.69162340835,4.89645238403,0.0,0.842523583262,0.76,0.0,2.97085448838,4.26838170215,0.0516701895758,0.0306198936159,1.86610365847,0.0,0.127215143292,0.00111084104481,0.000395821727579,102.537792361,0.0,6.7813161877e-05
86,2018-09-22,4.71224030863,0.173496258009,1.95866666667,0.0,2.58575934491,4.65596907284,2.99248942351,5.71323388772,4.70750291363,4.33211692913,0.0,3.65989846762,0.0,0.0100724660078,0.00336064281873,0.0,0.00282056196011,4.98079098179e-05,7.71145278122e-05,4.52263769135,1.51000039528,0.0,1.51442035482,0.75,0.0,3.0481001508,4.16626668173,0.0283610746774,0.01956167155,1.80119684687,0.0,0.12647668034,0.00104162463685,0.00198485295368,94.3700395516,0.0,7.50078470446e-07
87,2018-10-09,0.257490891963,0.16930191312,0.947533333334,5.02799786408,0.0,0.748785359901,1.24075800239,1.92389321106,2.1768740681,0.53359987156,0.0,0.0,8.31380020827e-06,0.0145742646419,0.00610898248851,0.0,0.0189502729336,0.0,0.0186510651838,4.25310373306,6.00662938203,0.0,5.31267484417,0.0,0.0,0.694344621152,1.81322796503,0.0756743259262,0.0360720127355,0.478000303265,0.0,0.0,0.46396279884,0.0,46.3649154827,0.0,0.00411304179579
88,2018-09-26,3.24303872959,10.157470244,0.874333333335,4.78402106027,1.48500767433,2.68245388076,1.73685462425,3.66034265391,4.19574327334,3.05038732591,0.0,2.08804929557,1.19247007664,0.883468725151,0.790157363284,7.20934828259,2.230158818,0.00560670168488,0.00554236505559,1.49018304795,5.17439270233,0.0,1.92702530507,0.43,3.40992,1.18833696109,1.37461989942,1.28106182018,1.86328483633,0.747298285372,4.100096,0.000564011072129,0.0880871529047,0.444554429649,66.3945359167,78.9323335029,0.535011104039
89,2018-09-29,6.55438311052,15.4352843401,2.01666666667,7.46558313561,2.42298051184,5.187448614,2.71002526492,6.0265308547,6.42176533226,4.52865527782,0.0,3.58383558027,2.05272917257,3.49338134702,3.45571882441,10.0975104352,2.80669718268,0.00803265139257,0.669860307789,13.3147018403,5.77893404439,0.0,8.42550013768,0.81,5.939712,2.64922899421,4.89781257417,2.00443292016,3.53796131909,1.87441680557,9.299968,1.26487761269,2.14924543292,1.30612524717,106.510190261,89.7463559164,2.64518388022
90,2018-10-01,0.726122552951,4.1867380703,0.857283333334,0.823023695775,0.0,0.41060324512,0.273176797487,1.6788352981,1.81237642223,0.49429019705,0.0,0.0,0.521286537973,0.691386872633,0.130647918908,2.03251754805,0.507770383785,0.000459130864328,0.396675802469,5.45498478785,3.85827685289,0.0,0.689836454199,0.32,0.0,0.568824448535,1.05568712417,0.0542006463838,0.0252306728144,0.534818437693,0.0,0.0,0.565001198898,0.243613937404,33.5319972622,16.9013177808,0.388587350797
91,2018-10-05,5.33364155455,22.3931959365,1.57835,8.67276612386,1.78052104651,4.26591850356,2.53107109551,5.38169989126,6.02320696378,3.69294321669,0.0,3.31546423224,2.15756349447,3.15609548892,2.8234461621,0.754936511672,3.0952970855,0.0350088919513,5.6700081608,10.9146869667,7.20053236793,0.0,8.76115878807,0.0,7.04,1.81636583398,3.3473374851,2.44609831165,4.69722914418,1.58911015336,14.099968,1.68729502185,2.30520886036,1.66195264731,100.451080117,129.075525189,4.19014012704
92,2018-10-03,4.6641014409,32.2156059694,1.41003333333,11.8124077253,2.16950066365,4.7470921841,2.15768909191,4.99687086741,5.57761436309,3.90038146489,0.0,3.13630311621,4.66348295493,4.74332452426,4.23901610429,19.0871346279,5.46955652002,0.0128201165207,6.63283759942,10.0526213646,5.56882342132,0.0,3.77978138176,0.2,10.850304,1.37246113856,2.33012348383,3.44225938847,5.96713554171,1.29014846982,21.000192,0.861529223478,2.9351226014,2.20404420264,89.4577854539,189.853117653,5.21887360508
93,2018-10-02,4.6641014409,32.2156059694,1.41003333333,11.8124077253,2.16950066365,4.7470921841,2.15768909191,4.99687086741,5.57761436309,3.90038146489,0.0,3.13630311621,4.66348295493,4.74332452426,4.23901610429,19.0871346279,5.46955652002,0.0128201165207,6.63283759942,10.0526213646,5.56882342132,0.0,3.77978138176,0.2,10.850304,1.37246113856,2.33012348383,3.44225938847,5.96713554171,1.29014846982,21.000192,0.861529223478,2.9351226014,2.20404420264,89.4577854539,189.853117653,5.21887360508
94,2018-10-04,4.55028176928,31.3371759795,1.4934,12.039244035,1.5329669762,4.27563934328,2.15769219652,4.55702415283,5.73591209489,3.67320010306,0.0,2.8586031823,3.62981781291,5.52411765466,4.97003861397,14.0614371375,4.66666146825,0.0232093048871,7.35663109733,10.1652186029,6.2191416586,0.0,4.56901350891,0.0,10.639872,1.5062995909,2.36140752172,4.01684693034,7.38018063944,1.29329168703,22.59968,1.45480449361,3.13983019627,2.08869386664,91.8586767344,192.972577885,5.87883417874
95,2018-10-07,5.64116557683,14.0943947285,2.31196666667,6.11653721865,2.06913434233,4.83560951225,2.43361619853,4.9445021121,5.4842315616,3.42846013916,0.0,3.03718426792,1.06009317653,2.63480013335,2.28851123565,0.0,1.7859522227,0.0427750308299,3.16872256259,11.0422949903,6.45000580463,0.0,9.72885544753,0.0,5.100032,2.08451647495,3.93754850377,1.4203881708,2.11309669525,1.63678641896,11.500032,0.877205186951,2.01259661775,0.714331136158,95.2928395298,83.852702613,1.19957981182
96,2018-10-19,2.14267369504,16.5147957744,1.15611666667,3.47888208916,1.86497213334,4.00843809008,2.56117502988,4.15784066342,5.09783642599,3.61495713227,0.0,3.48329207625,0.9022542366,1.59943400259,1.43226027314,17.060320755,1.15685324797,0.189864682448,2.53218681972,10.1614754088,5.87114146175,0.0,11.2469169829,0.0,4.539904,2.13016908464,3.13802126679,1.56745317286,2.17199425287,1.24092575916,4.399616,0.727778117041,1.71180142148,1.20150643585,94.2690824739,70.126730646,1.13799186664
97,2018-10-06,4.59853308254,14.2734074691,1.99065,6.41599565119,2.08196312386,4.49665505076,2.40791091357,5.27429425621,5.58969778389,3.72751547397,0.0,3.18409118153,1.32077086611,2.39446288761,2.09181342681,0.0,1.85694708245,0.0693415451969,3.28147243835,10.6360638589,6.14445134313,0.0,10.8943546102,0.0,5.270016,2.31264099182,3.67852222628,1.62946067108,2.40822898539,1.32235485309,6.600192,1.17738352716,1.86026123563,0.973374973843,94.8604091671,79.0618685773,1.91206476811
98,2018-10-12,8.55132818686,13.8280512038,2.22265,5.72906917746,2.11231759866,5.18619051858,2.91123725536,5.33115117525,5.87055766694,3.80904505001,0.0,3.85897224912,1.77398759896,4.48057232426,2.12202093407,0.0,1.75172247681,2.12316125097,3.5862971364,11.5863750316,6.33687664242,0.0,9.21490188561,0.0,5.719552,2.33389958018,3.2367634743,1.8467350326,2.18356753606,1.6943840668,9.50016,1.04207869892,1.58694982842,1.43397294187,105.950127564,82.3391891047,2.63796196331
99,2018-10-08,3.39692767944,5.22375482187,1.35948333333,2.38551350454,0.0,0.656206335814,0.683739728895,1.82829285714,2.1591942148,0.562006395285,0.0,0.0,0.285758198672,0.724513286441,0.484636207198,0.0,0.408556649141,0.000264915608568,0.311312629477,3.95146596432,5.48893724217,0.0,6.18307238929,0.0,0.0,0.808009311848,1.66327972041,0.251243602597,0.182590135002,0.770900237287,0.0,0.383253369001,0.994830288213,0.398001168056,46.7996425669,17.2586526303,0.166212487886
100,2018-10-11,6.66515808686,20.480088494,2.24953333333,8.46124072864,1.88271241442,5.63364527321,2.7631430747,4.89494079062,6.91184585775,3.57110748949,0.0,3.55304287777,2.56369382879,6.90518784005,2.88632413477,0.0,2.59920236103,3.15955949406,5.46904853198,12.5166081935,6.57119203499,0.0,10.7441762511,0.0,6.780416,2.05735696745,2.9911753779,2.26468085075,3.48629407061,1.72250581772,16.900096,1.32772184983,2.16059179143,1.95034403089,104.664141771,124.845967039,3.65630517717
101,2018-10-13,6.34793349018,10.1283893621,1.79153333333,2.50987098706,1.87444437112,4.05597539576,2.84456480125,5.26040426113,5.73864142764,3.71919854392,0.0,3.77572180273,1.48572846261,3.56918769959,1.69380205395,12.0070379135,1.31745867012,1.67750387315,2.82172049617,10.6420220621,6.36067972392,0.0,8.14330042996,0.0,2.590208,2.38889320777,3.15796308104,1.00263312681,1.50161437035,1.73872501832,3.500032,0.507166887803,1.14883024729,0.943313179441,99.9678707478,58.5811568238,1.32567169664
102,2018-10-10,5.17033198029,18.7789496714,2.18356666667,16.3993841713,1.74347332554,5.14804863686,2.48223660857,4.4620430812,6.21637097636,3.17373753037,0.0,2.61417529202,2.31231448345,6.46041911466,2.5595389691,0.0,2.67757034637,2.38884452543,4.78962840293,11.6632709727,6.53665414083,25788.000192,9.65916854079,0.0,10.679808,1.67848508403,2.73480557505,1.98357525172,3.2253239958,0.767683821643,4.99968,1.04117977753,1.82915002564,1.85919933093,94.3440432765,103.446947169,2.66181077839
103,2018-10-15,5.05704471788,0.229369208158,1.20988333333,0.0,0.0,0.689092516881,0.406046858825,1.77778287327,2.05028515537,0.491222724824,0.0,0.0,6.91448440193e-06,0.00678175158828,0.000633598043351,4.68063642898,0.00257083325414,0.0,0.0,2.00629444048,4.37867751127,0.0,2.52865544512,0.0,0.0,1.12051253536,1.90432120617,0.0806368178419,0.0549678873358,1.21802196532,0.0,0.00757000667272,0.00159342682684,0.00228278183204,42.2287933698,0.0,0.0
104,2018-10-14,6.34793349018,10.1283893621,1.79153333333,2.50987098706,1.87444437112,4.05597539576,2.84456480125,5.26040426113,5.73864142764,3.71919854392,0.0,3.77572180273,1.48572846261,3.56918769959,1.69380205395,12.0070379135,1.31745867012,1.67750387315,2.82172049617,10.6420220621,6.36067972392,0.0,8.14330042996,0.0,2.590208,2.38889320777,3.15796308104,1.00263312681,1.50161437035,1.73872501832,3.500032,0.507166887803,1.14883024729,0.943313179441,99.9678707478,58.5811568238,1.32567169664
105,2018-10-18,4.87852860437,6.21807543194,1.61273333333,1.0733401424,2.50791677172,5.83045395559,2.74810182605,4.86501105476,5.07120634952,3.82806958245,0.0,3.90449116474,0.135320252975,1.46021685162,0.0831635109789,3.46043779658,0.000639297330054,6.2393508415e-05,0.817588945385,11.5073378868,6.24661011313,0.0,7.58922208264,0.0,0.0,2.90138611823,3.8607828165,0.906893337255,1.63312691214,1.6567867679,0.0,0.777275241605,1.0866559203,1.03137224238,101.383222188,29.6697661411,0.340685237854
106,2018-10-20,2.42965820231,20.7109561619,1.13223333333,3.70991114047,1.87754795103,4.22138525044,2.35378674945,2.88522612087,5.29449963116,3.43142112991,0.0,3.2650955666,1.09788896043,2.18455125643,2.02190265653,13.9700635454,1.65917612787,0.43175743724,2.85100230812,9.80898174644,2.02981208861,0.0,4.5091885557,0.0,5.210112,2.05247826889,4.90325025804,1.6954091582,2.20697794817,1.28357213327,4.900352,0.841534146659,2.08240411885,1.39029563864,90.1891170725,80.6793157123,1.68795794438
107,2018-09-28,5.52791950732,23.0969462779,0.567866666667,10.0273193087,2.23248772076,5.3158074625,2.6899289561,5.6939455492,6.88662821195,4.04433039362,0.0,3.39781238047,3.31287673872,4.43008091683,3.98259675736,17.5252939323,4.98772360956,0.0164268782501,0.0110761023971,11.3364160918,6.19848297867,0.0,11.6253534774,0.71,9.900032,1.80501404029,3.35569322351,3.47758176829,6.21577190048,1.67268100052,16.200192,1.89250389612,3.00318829238,2.13919410894,103.653565096,163.948624518,4.55593513353
108,2018-10-22,0.586356774918,4.87952570798,0.823650000001,0.109613009197,0.0,0.475579414833,0.421476824198,0.223086444163,1.87808942528,0.497510023673,0.0,0.0,4.71301464131e-05,0.0104862585067,0.00716785530676,10.1113342233,0.0899098342852,0.0127501187853,0.0661351351591,3.9361688979,0.0,0.0,0.0,0.0,0.0,0.706586574146,1.91795800731,0.487176401155,0.190194242314,0.519728319254,0.0,0.0,0.803225725227,0.21343724008,34.9291628215,1.71619684342,0.34037197171
109,2018-11-06,1.80988563242,42.2789274288,0.688766666666,2.29681482961,0.0,0.692204558021,0.316169088193,1.50190542574,1.79681325925,0.493691504413,0.0,0.0,4.37689582509,4.11994595869,3.83083539785,19.6442565416,0.972242302243,2.7741578291,2.94003526735,19.8281073868,4.86436731523,21.199872,12.6066737681,0.0,5.46048,1.26292721659,12.3425015256,5.69429599113,10.3573362042,0.960756707449,8.699904,0.0,2.08356606263,2.72464192932,67.3470095004,161.983675616,1.30466953395
110,2018-10-23,0.651340881377,5.22376635257,0.785116666668,0.127949757647,0.0,0.379661690939,0.366357298302,1.24742680212,1.8028665879,0.472423444506,0.0,0.0,0.000146572798258,0.368972293938,0.0279737558158,5.80512216695,0.160688269771,0.00383231108935,0.0244850023882,3.43649139255,0.0,0.0,0.0,0.0,0.820224,0.57138531594,2.88200368795,0.312039792236,0.174986656311,0.50108364781,0.100351999999,0.0350108023795,0.854991789621,0.415673580817,31.9847506869,23.7270944519,0.47375014273
111,2018-10-21,1.7939272638,22.3358466586,1.00216666667,4.23745633536,1.64064830417,4.40327151185,2.22104523495,2.65506709783,5.03862114067,3.31019659184,0.0,3.2526459921,1.62969227443,3.16212768415,2.81878243305,18.7012701464,2.10914679891,1.8770195876,3.96962706732,9.90072356164,0.0,0.0,0.0,0.0,6.319616,1.53049359107,2.77030294524,2.21576078907,2.77329624179,1.30852684506,9.79968,0.837671947706,2.22559559553,1.35829716703,88.3097290659,102.088487954,2.46589222355
112,2018-10-25,2.2681616906,40.3203051865,1.51673333333,16.1261377948,1.74524106697,4.98812627809,2.21846019151,4.39353220172,5.31707163151,3.26925446802,0.0,3.03442445814,4.48864636051,6.03522778396,5.45579712556,21.7203355538,3.98960641822,4.55474822854,8.12097991056,10.4817903228,0.0,0.0,0.0,0.0,12.48,1.20219485019,3.9461216163,6.06406695177,9.02526138569,1.52771220022,30.299648,0.872480809691,3.29301360478,2.52342951727,89.0366572887,220.244981728,5.19247795436
113,2018-10-26,2.24010699702,30.6304523154,1.48056666667,11.1694342383,1.56260509579,4.13495982346,2.20058655255,4.52201970985,4.81294128784,3.7729609569,0.0,2.83999100875,4.03714613575,4.90187670447,4.4850166917,21.0177872437,4.4460318133,4.82420113511,7.35338561477,10.4748819508,3.36007592079,0.0,7.15042979165,0.0,11.360256,1.60809398929,3.81017952805,4.26537199523,6.94876387384,1.53400753313,25.200128,1.1404811072,2.54195989273,2.18851177825,91.1004364889,183.983849692,4.25613644323
114,2018-10-24,2.20143123878,38.098965948,1.36326666667,16.0705723384,1.1764852313,4.14315359415,1.8027051405,3.8058339366,4.62955332772,2.81183814197,0.0,2.69364328587,3.40342325419,5.72404054386,5.34355398852,21.3837940892,4.14301655659,2.66164739685,7.91489116009,9.98998798802,0.0,0.0,0.0,0.0,11.579904,1.06009248176,3.72873179335,5.81393150613,8.4848811749,1.51943296598,27.800064,0.927745250644,3.51163912763,2.56664958568,84.3153104895,215.495445277,5.22050974164
115,2018-07-08,10.4760226096,0.00931929331273,4.48651666667,0.0,4.03225005239,7.18131900681,5.78593057692,8.56786558361,9.05895178598,8.28017098302,0.0968970180184,5.43350545635,0.0,0.012859382623,0.00472269655438,0.0,0.00284942309736,3.33639982273e-05,0.000252602010733,12.7614672557,8.79306950292,0.0,0.0364333538964,1.28,0.0,8.08147122356,8.76000969097,0.0,0.0126844397746,3.43397178167,0.0,0.0,0.00107965272969,0.00306724892835,155.938365532,0.0,0.0
116,2018-10-27,2.29560865324,31.4628475381,1.60118333333,11.148558436,1.91161508568,4.85117991791,2.3977613201,5.01481886107,5.35064736773,4.80395981347,0.0,3.44339217445,3.82925462041,4.78954928817,4.39642847079,21.3491888205,4.67033236366,4.99066628896,7.2986618478,11.1973780505,6.57568958617,0.0,13.0605607769,0.0,10.070016,2.1480405234,5.21842760971,4.06252207904,6.54513439655,1.57791990091,25.200128,1.16361863617,2.69879168493,2.51196308054,100.777662933,182.736824885,4.35128504016
117,2018-10-28,2.23543082031,39.5217059719,1.4333,15.5951508478,1.59644390413,4.31017466273,2.28001109128,4.34115982103,5.41921354671,3.97215695622,0.0,2.91819090149,4.86880692849,6.31496198859,5.85140578914,20.9347504369,4.74213313124,6.07752189939,8.63342579752,17.8348224983,6.48293678117,0.0,12.58299453,0.0,10.779648,1.56947395299,3.63202691832,4.93532548151,7.40740362788,1.38368152122,27.999744,1.30576255609,3.30543796365,3.07468136431,102.977623693,212.229166177,5.33545796901
118,2018-09-27,4.90203929355,26.3446437688,1.21083333333,12.4475095119,1.97695663797,3.38283175831,2.25770641918,5.34531439855,6.00167374218,3.32947288163,0.0,2.99845379218,3.39594337373,3.14457511849,2.8588973252,18.0612065699,5.25934208914,0.0154701797001,0.0101601751303,5.75327854231,7.10714946416,0.0,9.2338065955,0.7,11.080192,1.78420663447,2.91020581522,2.89522695034,4.33271918,1.16872295296,14.099968,1.41244638498,2.63016654627,1.69345105564,96.1890277655,170.330216867,4.25702606842
119,2018-10-29,1.89733136166,43.6619584795,1.24586666667,19.6841042522,0.0,0.67283393766,0.516169255719,1.16330748674,2.32451864414,0.485813675663,0.0,0.0,4.01701214131,3.76321994968,3.40442868456,17.8066888138,2.46246841202,2.85367966443,4.11580330041,18.5452630073,3.87622632371,0.0,12.6220340157,0.0,5.479936,1.01898172981,3.11418707862,5.95149604109,8.52178896935,1.03223075794,8.500224,1.13972873245,3.60316562523,3.40402609713,64.5485168695,167.524347696,2.41674094211
120,2018-10-30,1.87299199813,49.7044872989,1.35421666667,22.9908937581,0.0,0.731335904624,0.571576684342,0.832613829774,2.38618495716,0.513600203398,0.0,0.0,4.64375901611,4.24799344299,3.83912676107,17.6595892916,3.08326001971,2.89171827268,4.45949683765,19.3221056908,4.19318757631,0.0,12.99164485,0.0,6.160384,0.687955119589,3.37281773842,6.81312618599,9.34692023433,0.920229650852,9.79968,0.909539156191,4.09990941698,3.80541876034,66.2629227618,187.575700435,1.98921498574
121,2018-10-31,1.89695814787,63.5358034443,1.50828333333,28.5437619349,1.2955699547,3.12401544369,1.77219378673,2.34981629258,3.79492788241,2.16968058944,0.0,2.843580578,9.48169666085,11.9337040371,10.2129519313,17.5303713278,4.73826887453,10.2830465982,16.1933576742,24.0365542509,4.674037371,0.0,12.6481005709,0.0,17.900032,1.03457422549,5.8225581999,6.8278481591,8.69982676048,0.879647180183,40.800256,0.83056581735,4.75244832369,4.2045792741,90.6549911465,339.751824479,11.8553044207
122,2018-11-01,2.02135566062,54.3507094824,1.48408333333,23.6211787525,0.772838605777,3.09768384242,1.15241576811,2.88847259012,4.349744922,2.27479309355,0.0,1.92354206879,6.81505836857,9.89719199173,8.78405260164,19.5355737663,6.82869384859,8.33144083048,12.8109437424,23.7272879817,4.86851108681,7494.30016,13.1727846738,0.0,15.809536,1.39652069667,12.3068462228,6.42623409708,9.72837061333,0.967503473927,34.399744,0.410096977378,3.81338854694,3.9972988938,90.3605841167,298.245874157,9.70026373402
123,2018-09-25,1.67495613114,0.080558157817,0.959083333335,0.0,0.0,0.453817895981,0.37229779952,0.781212826951,2.0301131705,0.461513607916,0.0,0.0,0.0,0.0100034206262,0.00302508857567,1.44441679906,0.00300878281269,2.31421072385e-05,3.83521037293e-05,0.0442780852318,4.40884360537,0.0,0.425795085488,0.42,0.0,0.84139408209,1.01746969105,0.00374610748258,0.0123056706507,0.738482373366,0.0,0.0,0.00134330993194,0.00172762146576,41.9114250252,3.7920511961,0.0
124,2018-07-07,10.4760226096,0.00931929331273,4.48651666667,0.0,4.03225005239,7.18131900681,5.78593057692,8.56786558361,9.05895178598,8.28017098302,0.0968970180184,5.43350545635,0.0,0.012859382623,0.00472269655438,0.0,0.00284942309736,3.33639982273e-05,0.000252602010733,12.7614672557,8.79306950292,0.0,0.0364333538964,1.28,0.0,8.08147122356,8.76000969097,0.0,0.0126844397746,3.43397178167,0.0,0.0,0.00107965272969,0.00306724892835,155.938365532,0.0,0.0
125,2018-07-06,11.4798557352,0.00814344760147,4.51488333333,0.0,3.99639460223,7.87036653516,5.93019424951,9.75560567547,8.94247079493,8.68904558289,0.908513218867,5.99262834843,2.20984657062e-06,0.0127699303557,0.00491808998049,0.0,0.00291483272304,6.15853059571e-05,0.000440558593255,18.5369777791,9.77550198404,0.0,0.0592530768627,1.49,0.0,9.13512349955,10.1965077225,0.0,0.012654295424,3.57358434712,0.0,0.0,0.000999870531928,0.00312527566894,174.718294823,0.0,2.01944203582e-07
126,2018-11-05,1.33740262063,37.7207217738,0.760133333333,1.50267668625,0.0,0.387315629614,0.293307191791,1.53396573309,1.70894060523,0.457399098661,0.0,0.0,4.3658981354,3.5216266421,2.91721933419,12.0401633325,0.905091079188,3.65595758856,2.76923762446,19.0822120793,4.24987737679,13.499904,11.1454235764,0.0,4.009984,0.819674641825,7.31863833946,4.04574276621,6.47308468546,0.682604310539,5.799936,0.0,2.30723831033,2.24385672074,58.7296211813,131.601864377,1.27690715204
127,2018-11-14,1.71833731924,45.8566578901,1.0097,15.9899888757,1.20216006821,3.17134421727,1.59318990494,1.41066836298,3.45444374742,2.59665279736,0.0,2.29703530517,7.45551620121,9.07017731349,8.37492321417,19.9871040639,6.04988770602,8.31280856554,8.91416610752,22.8256174214,5.63416536005,35.699712,11.5683493092,0.0,12.559872,2.44324802308,3.16856715699,6.85889836601,12.4653715806,0.93419549906,26.399744,0.0,2.91798154126,3.51099901139,92.7990062552,265.22955115,9.33001322677
128,2018-11-13,0.255851328664,7.42908403403,0.732249999998,0.0273457339499,0.0,0.00521899484374,0.417397622383,0.0297664297832,1.47583936242,0.415689703495,0.0,0.0,0.429748505074,0.433351954372,0.0165109841037,2.44756126543,0.00724595763677,0.303978048414,0.485652378193,18.013967447,4.70797803556,0.200192,2.27589848567,0.0,0.0,1.67727501446,2.03867495735,0.128573198836,0.0590992438592,0.437082813805,0.0,0.0,0.929071696917,0.469436856367,50.3069718577,21.088112263,0.00648931491014
129,2018-11-12,0.504260932896,0.389350433892,0.760916666663,0.00207610675716,0.0,0.166551097918,0.471545348555,0.0,1.60620565988,0.451236563011,0.0,8.96086930879e-06,0.0425180142556,0.0488414576539,5.43208734598e-05,5.23359385588,0.0217989955381,0.0405044499603,0.0461365794181,18.3722645529,4.86627915217,0.0,3.72849196676,0.0,0.0,1.72860333591,1.9164724648,0.230188716367,0.0982499463134,0.478211806869,0.0,0.0,0.856654114016,0.339869665277,53.3794294202,0.456445713528,0.000498456371133
130,2018-11-11,1.51384855607,32.3538597987,1.2221,12.5485007132,1.1992788481,3.2448735221,1.63775017182,1.95561982152,3.61877453338,3.24439783676,0.0,2.29273324632,4.49673153575,5.5493088091,5.093520033,15.0536374906,3.59050793669,5.4028154829,6.28910142378,23.3088354357,6.01807482864,18.200064,11.5246557083,0.0,9.469952,1.79141002268,3.50545271755,4.9136170655,7.69625908675,0.932178461619,17.50016,0.0,2.16353281364,1.82405615306,93.1208471369,164.324393253,5.1025380565
131,2018-11-10,1.97164878016,46.5377233725,1.42646666667,19.6104860348,1.24190062891,3.6104626881,1.74137423078,4.18019118106,4.02881273511,3.57282393659,0.0,2.71783564878,6.77621800601,8.07423884924,7.44136358565,20.3839627797,5.5938019264,7.72030628241,8.8513020458,18.7700827718,6.30054976403,31.799808,13.4687773531,0.0,15.000064,1.81557462015,4.31321749481,6.74854487629,11.3388356503,0.947084210537,28.100096,0.0,2.60011841281,2.75186102422,93.4467203595,259.423938009,8.48302766839
132,2018-11-09,2.03029540772,42.6463920572,1.33846666667,16.1773407396,0.871843945624,2.7198532954,1.12028393318,3.02920196901,2.58602418425,1.66630612348,0.0,0.901291644293,6.0364478737,7.15496686137,6.17149292788,19.0824449728,4.73847872225,6.32265376,8.13128598042,15.9182955511,6.2032682921,29.700096,11.6186013673,0.0,14.269952,1.43180012438,3.78553056899,5.56347147702,9.55524228809,0.394828034972,15.099904,0.0,2.79214509701,2.75572885959,79.1203206802,228.280912808,7.60978440009
133,2018-11-08,1.36476185647,17.0049030222,0.907433333334,5.80612109585,0.802570113496,2.41431739549,0.727391341057,2.56276540138,2.00662406451,1.06927977208,0.0,0.0,2.26826513412,3.14397494395,2.83264426657,12.0950763143,2.4165247924,2.90165077838,3.79651648369,22.5125401765,5.8575444793,12.100096,10.8413774595,0.0,3.890176,1.17810528344,4.14493118625,2.60132309715,4.51780468001,0.994219985747,12.300288,0.0,1.15418154742,1.30859274384,78.7777299638,97.9864032576,2.48420283991
134,2018-11-07,1.67481073433,29.8324902704,0.72675,2.61756882223,1.11170782722,2.17652150141,0.578401219824,2.39464811065,2.3122664734,1.18159603051,0.0,0.0,4.64553932126,4.26776066328,5.06086990505,13.1649682882,3.42992376237,4.91717789624,5.80903090078,22.8912208751,5.72934286528,15.699968,10.4095297306,0.0,7.859712,1.59582093154,5.20755252994,3.25867156706,4.53305168886,0.969587336142,15.799808,0.0,1.61672787413,1.95539537751,80.3795047422,141.865490453,3.81125443316
135,2018-11-15,2.07802435168,41.78176586,0.873483333333,15.762062936,1.36598261193,3.33006434425,1.80631727954,0.271587869101,3.76325386517,3.49865479788,0.0,2.50463072006,5.45378686257,7.56548755887,7.06961922406,19.6164777677,5.08677742115,7.07780585013,8.18671519928,23.8191431686,6.75513861146,32.200192,11.7694791332,0.0,10.939904,2.98520805026,3.8825510997,5.66210221824,10.8378922651,1.12697323826,22.900224,0.0,2.39220682117,3.30475487957,103.107595133,228.492581152,7.53239217358
136,2018-11-16,2.06639801772,47.9006900029,0.972749999999,17.7150801127,1.43752017459,3.34716978652,1.82483232458,0.367525158981,3.9247499141,3.74513541701,0.0,2.71786895887,5.83102524174,7.95467377175,7.26599915765,19.678217455,5.29456468969,7.46150972152,8.35192060715,23.9462544359,6.13817417562,33.800192,11.8957133499,0.0,13.730304,3.12418642812,4.03127154316,6.86119892716,13.0326112554,0.774769884629,23.000064,0.0,2.55442213586,3.50926544369,100.705114427,252.210592101,7.98610819047
137,2018-11-17,2.08522851727,52.894595861,0.973599999999,18.8554429562,0.0,0.808959894046,0.751365112796,0.439467055457,3.06052230445,1.14909891317,0.0,0.0,6.12263209964,8.81231384791,8.06642379341,19.5277386828,5.73268052738,7.23884699364,8.81399044265,23.8391282521,5.89105017803,34.699776,17.889984,0.0,15.1296,3.12077364707,3.84770513359,6.59382141671,12.5337534209,0.310051815068,22.600192,0.0,2.88239803573,3.47393714153,83.62691942,260.453433774,7.47949439268
138,2018-11-18,1.65558914815,49.3379055865,1.13325,21.0274419894,0.0,0.566749213376,0.482476550886,0.329682389674,2.16699964565,0.34804102837,0.0,0.0,5.07321460923,5.11210079123,4.51706011471,15.0925450421,2.61969090055,2.49851512251,4.14186554527,17.8636709489,4.81994930657,20.70016,16.670016,0.0,5.640192,3.19639312467,3.31524083771,7.72155358173,15.1392038772,0.306397127541,4.100096,0.0,2.77184921286,3.47526604058,67.8193105964,187.568713349,3.21181196781
139,2018-11-19,1.65558914815,49.3379055865,1.13325,21.0274419894,0.0,0.566749213376,0.482476550886,0.329682389674,2.16699964565,0.34804102837,0.0,0.0,5.07321460923,5.11210079123,4.51706011471,15.0925450421,2.61969090055,2.49851512251,4.14186554527,17.8636709489,4.81994930657,20.70016,16.670016,0.0,5.640192,3.19639312467,3.31524083771,7.72155358173,15.1392038772,0.306397127541,4.100096,0.0,2.77184921286,3.47526604058,67.8193105964,187.568713349,3.21181196781
140,2018-11-20,1.54988321436,51.7210825093,1.01463333333,24.5892329112,0.0,0.621226003994,0.421316542921,0.27879241647,2.09967832414,0.341803334362,0.0,0.0,5.59974801362,7.08416403535,5.96186799399,13.6055270343,3.40640697841,3.96569043519,3.9445189157,17.9928975143,4.62115148837,21.199872,16.72,0.0,5.85984,3.01337194606,3.46957762699,7.88785014111,15.7705947304,0.275814644061,5.100032,0.0,2.89239140712,3.64073361785,66.1862913778,204.989779903,5.38563184962
141,2018-11-21,1.75801455203,70.6360333029,1.08616666667,32.148406477,0.0,0.827805678313,0.598027256568,1.03640151848,2.80186538002,1.1452867856,0.0,0.0,10.6224551864,13.0974759128,11.124399612,14.9890166859,8.11394227446,11.1683848476,11.1241263628,24.0338961892,4.93382745828,41.700352,20.469984,0.0,21.840384,2.6357296354,3.17816605256,10.7081251495,18.7113691416,0.500536922635,32.29952,0.0,3.90361450081,4.31241062983,77.605864197,365.518931353,14.1110758955
142,2018-11-22,1.79184207336,72.6134676236,1.00258333333,30.6545376973,0.0,0.826238418824,0.585044805375,1.18926242945,2.74105353544,1.05362109985,0.0,0.0,9.87364455623,13.2265644424,11.2334397197,15.2826975549,7.8687811295,10.5207199132,14.2056282908,23.9820559546,5.19896562103,42.599936,21.250016,0.0,22.17984,3.00203934152,2.3670807365,8.75955853767,19.6910375881,0.621161037656,37.700096,0.0,4.24356801043,4.49052562361,77.8299316873,372.522967313,13.2640486274
143,2018-11-23,1.6757456732,71.5722962815,1.03088333333,29.8637457655,0.0,0.948356555964,0.667721240534,1.37848235196,2.82036132883,1.37016874058,0.0,0.0,9.21843675851,12.8778602988,10.996286947,14.7428500815,7.81297596817,10.4966785272,13.6920594972,24.1857508905,5.22348068737,45.400064,21.6,0.0,25.339904,3.05387010405,4.98552249266,7.10224790429,16.2845522362,0.718010444405,36.400128,0.0,4.02820290849,4.57417907077,79.1230724908,367.452551963,12.7599723479
144,2018-11-24,1.83549854821,68.9366227736,0.950816666668,27.3705427794,0.0,0.730054680367,0.578210785701,1.02270375152,2.85527445376,1.13764998892,0.0,0.0,8.43999224569,11.7373226046,10.5275192823,16.5224419926,7.27200219008,9.17956695161,11.4355747701,23.7962497137,4.94884470757,47.199744,20.779968,0.0,23.600128,3.28823486771,6.99135585988,7.2853866417,11.3162467976,0.696704211012,37.000192,0.0,3.61701281355,4.42858776,78.8111787154,349.690868985,11.0882537952
145,2018-11-25,1.95413231429,64.7109957157,0.95355,25.8044075835,0.0,0.859276591669,0.577300142002,0.846333751302,2.97490050531,1.18329223213,0.0,0.0,7.73703783549,10.2999356114,9.32571324328,17.1366595467,6.78291721586,8.48766947157,10.3153812236,24.0293252692,5.00886582756,44.89984,18.500032,0.0,20.169728,3.41104118581,6.02490123494,8.64312943744,14.7810509726,0.818866817113,35.39968,0.0,3.55308501531,4.28511533747,80.5476432408,330.952473457,8.87215089068
146,2018-11-26,1.74024982442,46.1462214124,0.925266666665,19.5126201776,0.0,0.392451231644,0.435385747365,0.0,2.05548578082,0.336341051752,0.0,0.0,4.04684081345,2.56620112649,2.53058882279,17.1039215447,1.85235794344,1.99120747496,3.74391920419,18.989908535,5.54239098862,26.700288,16.949952,0.0,7.48032,2.90990450155,4.6470967653,7.50507228525,15.2234971745,0.683123892493,9.299968,0.0,2.57525199163,3.81557467766,68.8081621368,191.013778793,2.27452747763
147,2018-11-27,1.72423315258,46.7282056503,0.990916666665,22.6447083163,0.0,0.391738901209,0.354414255744,0.0114584182629,2.08466540051,0.307638446542,0.0,0.0,4.58173303908,2.50068574711,2.44023706968,16.1933617971,1.87191895148,2.00326125547,4.00466148485,18.1422800049,4.90562411492,26.500096,18.710016,0.0,7.739904,2.74144742693,4.37619266522,7.81832829419,15.6403779153,0.712409983746,9.700352,0.0,2.6529251308,3.73883888048,65.2421307439,196.69750731,2.32759405611
148,2018-11-28,1.91098897987,64.9932409075,1.01771666666,28.8879415847,0.0,0.834540242471,0.558604860329,0.389599016478,2.95801818083,1.25838293161,0.0,0.0,8.49101162579,10.056346483,9.51098560088,17.8767142005,7.72026627211,9.57244275691,12.2594759112,22.1053169146,5.30936161501,45.299712,22.510016,0.0,20.720128,2.87385585241,5.93680740304,8.2739479052,17.4591658441,0.742612697497,36.399616,0.0,3.26326831865,3.98621302983,81.4161419894,350.638309568,10.8709917238
149,2018-11-30,2.42131749443,43.3278027346,0.918666666666,14.855711013,0.0,1.4899318709,0.606792937644,1.3198225101,2.92911285994,1.90654255165,0.0,0.0,4.70553910311,6.60356542898,6.10476108626,20.6323731155,4.9397909339,6.05562957549,7.90692308731,22.5846451521,5.48714745558,31.90016,19.0,0.0,13.929984,2.87029140696,3.39482249109,4.39804843703,9.91836221058,1.02969507753,26.299904,0.0,2.01095973599,3.18687416961,86.2743226095,236.309909752,5.44361826469
150,2018-12-01,2.39577896628,46.569219627,0.945599999999,18.4343448352,0.0,2.060321259,0.691155216751,1.41603773514,3.18725735437,2.15766003039,0.0,0.0,5.14424545071,7.6144536131,7.19792034072,19.8017980242,5.42447048198,6.68924518487,8.50300707594,22.5846451521,5.53202890269,32.900096,19.310016,0.0,14.130176,2.90447843439,3.25060678463,4.88624864969,11.140198123,1.02048157493,25.999872,0.0,2.1865295446,3.08552041005,88.4381993985,246.828263671,5.62784350452
151,2018-12-02,1.90273839848,42.634181778,0.969833333332,18.3034825368,0.0,0.372780513793,0.407986574133,0.186469610646,2.09601995622,0.319969588971,0.0,0.0,3.36845426661,2.32022035139,2.23534092121,18.1953460756,1.52399178629,1.64633542349,3.07459539569,22.5846451521,5.42515886098,20.8,18.779968,0.0,4.849664,2.48311326705,2.50880312246,3.92932511898,11.6508156144,0.478081843525,7.799808,0.0,2.26901819313,2.57341774739,66.0795070629,158.612552618,1.97326697909
152,2018-12-03,1.90273839848,42.634181778,0.969833333332,18.3034825368,0.0,0.372780513793,0.407986574133,0.186469610646,2.09601995622,0.319969588971,0.0,0.0,3.36845426661,2.32022035139,2.23534092121,18.1953460756,1.52399178629,1.64633542349,3.07459539569,22.5846451521,5.42515886098,20.8,18.779968,0.0,4.849664,2.48311326705,2.50880312246,3.92932511898,11.6508156144,0.478081843525,7.799808,0.0,2.26901819313,2.57341774739,66.0795070629,158.612552618,1.97326697909
153,2018-12-04,0.305066215602,4.67603619309,0.865599999994,0.103239830241,0.0,0.142263281148,0.316838709139,0.0707571719977,1.62500050321,0.274504888257,0.0,0.0,0.569309120852,0.251103750634,0.255166676623,7.12975717852,0.148870055564,0.0095845647229,0.276823092863,22.5846451521,5.03407943973,0.0,1.289984,0.0,0.0102400000005,1.74218522161,1.47533151673,0.0363018330972,0.14132203046,0.0842277623015,0.0,0.0,0.802679963653,0.208740827358,50.4292878532,15.2871974306,0.0263960939046
154,2018-12-05,2.37236627008,41.2924311226,0.836533333332,13.6476491513,0.0,1.48025131862,0.560831430601,1.68337651778,2.86964376474,1.37554856225,0.0,0.0,5.0126829038,7.06216565765,6.57727744486,19.5621773597,5.29406603708,6.54975820966,8.12088228839,22.5846451521,5.4089731542,33.69984,19.140032,0.0,14.969856,2.4137978424,3.07492361775,5.28913229482,10.4082065884,0.85900850546,26.200064,0.0,2.06325643589,3.03240166131,80.7863228812,243.768577224,6.50853655463
155,2018-12-06,2.54260855174,46.7268277877,0.893350000001,18.7694782274,0.0,1.97828755051,0.652818452876,2.31393039747,3.12387885153,1.20278016535,0.0,0.0,5.29140917191,7.62980915656,7.36385588456,20.787862332,5.47018526695,6.86203609568,8.50591372079,22.5846451521,5.99278278383,34.899968,18.580032,0.0,15.229952,2.61905649837,2.91418757114,5.56697148042,9.60841432355,0.969046789716,26.500096,0.0,2.36299492757,3.32107909469,86.5343696885,247.67752433,5.95952567145
156,2018-12-07,2.66336369624,46.2643479243,0.886983333332,16.9068687529,0.0,1.85819476615,0.697216629789,2.21459840487,3.16239415465,1.18500762068,0.0,0.0,4.84316741765,6.99290442777,6.83000088495,21.1176586861,5.10513505943,6.14122419893,7.97886493799,22.5846451521,5.95291174682,34.899968,18.779968,0.0,17.370112,2.59758227671,2.89886984137,5.37939376683,9.7261547943,0.901528006987,25.700352,0.0,2.41228080454,3.32759562676,88.1694822513,245.151388663,5.50173878641
157,2018-12-08,2.73463107771,39.9888841996,0.895050000001,13.9604818615,0.0,1.73224123001,0.612596650797,2.56475031467,3.30563813539,1.12059703088,0.0,0.0,3.95151035347,5.74368980648,5.41962356889,20.8920034877,4.65176643111,5.40368156879,7.28636805786,22.5846451521,4.78381718418,31.099904,13.76,0.1,14.739968,1.99911927106,4.30600608372,4.62540387166,8.41212960079,0.0128718610576,19.699712,0.0,1.9287037694,2.96835926107,82.6199615918,205.155078243,4.8779232399
158,2018-12-09,2.20252082792,35.8199362346,0.888216666666,15.0944671873,0.0,1.83661216588,0.662004351441,2.7779172459,3.13953060905,1.08651238978,0.0,0.0,3.81833179236,6.32765827852,5.91017292827,19.5976039392,4.413316149,5.63698837109,6.39477751374,22.5846451521,4.55566378837,27.10016,11.049984,0.0,14.280192,1.26932274312,5.12549700559,4.72556545713,8.2039600079,0.0,20.400128,0.0,2.21335921816,2.58950749313,76.6587927549,195.699525102,5.1019900092
159,2018-12-10,0.380540152357,0.0,0.685966666663,0.0,0.0,0.181379385805,0.284082963914,1.27224100353,1.47780519743,0.257624614074,0.0,0.0,8.93406322575e-05,0.0146722811332,0.000114262948046,7.80007527283,0.0195276130835,0.00643921925803,0.00609659672773,22.5846451521,4.71818386711,0.0,0.0,0.0,0.0,0.510567640944,2.08255993518,0.191363032071,0.165050926749,0.0,0.0998399999999,0.0,0.625092000505,0.0,47.2679878335,0.0,7.01574026607e-06
160,2018-12-11,0.580475068156,11.6603566299,0.670099999996,4.99147422832,0.0,0.116538302656,0.17736530296,1.41688815177,1.31351146418,0.232959130208,0.0,5.76177062612e-05,1.10616319676,1.12778819325,0.0213583385921,5.67350147086,0.304581856508,0.000267273528152,0.557522389208,22.5846451521,4.70405346096,0.200192,2.380032,0.0,0.0,0.481258118176,1.66939410931,0.309573068585,0.129023004141,0.0,0.0,0.0,0.948851430598,0.630542254541,46.3283806912,32.0933949472,0.0103299266266
161,2018-12-12,2.5694640913,59.4839797402,0.885683333333,24.8999286923,0.0,1.82660338404,0.591291408971,3.1137277508,2.66396143482,1.21301098325,0.0,4.83972962684e-05,7.82470201047,8.75316840065,8.19094222409,18.7509410198,6.77573917912,8.92537079762,10.3732735368,22.5846451521,4.08937384048,44.60032,20.270016,0.0,19.699712,0.692466584558,3.40060794647,9.12860846695,15.8763554714,0.0,25.999872,0.0,2.73114460362,3.40315816504,71.154111544,321.714164667,8.49124850974
162,2018-12-13,2.51757406954,62.5598037662,0.970066666666,28.3990804375,0.479330136959,1.8194360222,0.775650302567,3.11477105054,3.53037980435,2.02078684424,0.0540145811301,0.0,7.33298373294,8.62436642589,7.89015271611,18.8427177324,6.47877996621,8.2278133229,10.2928235764,22.5846451521,3.82767870384,41.6,20.519936,0.0,20.210176,1.52625161922,2.9861156813,8.7623615531,12.6674410948,0.0836467969348,29.600256,0.0,2.90160970963,3.89273224706,75.7898462467,315.507864625,7.82434941113
163,2018-12-14,2.31565864307,71.3274739749,1.02351666667,31.2516773192,1.41902805623,2.69782028264,0.837940565878,2.47586129377,3.46649865778,1.73070026691,0.143365266771,0.0,9.05608410208,9.93452751139,8.61011416413,18.5933765801,7.66686922911,9.77237983634,13.7857830116,22.5846451521,4.16269717172,48.499712,22.360064,0.0,22.900224,1.81949775753,7.73958441097,9.86117125423,12.4070008651,2.35234344297,39.300096,0.0,3.97273200537,4.81326755637,84.1235924974,366.703729409,9.66525221355
164,2018-12-15,2.16643596101,80.2322961897,1.0829,39.3812715866,1.27112876027,3.10396347285,0.666607240895,2.2947326155,2.7349921239,1.24634927552,0.0468812442305,0.0,10.2030037763,14.7905673077,12.2718270322,16.3275618,8.43526257338,11.5797158218,17.1368264046,22.5846451521,3.78692280812,51.59936,22.099968,0.0,23.759872,1.32377409513,12.152442937,8.08651144927,13.1086220778,1.50862097961,40.399872,0.0131467859146,4.45497292209,4.91200011454,80.1704268603,407.256010224,13.1887220891
165,2018-12-16,2.05914763799,68.8091886786,0.993299999999,32.6102302081,0.0,0.197050076691,0.463500286718,1.76891270365,1.89611568395,0.474953898658,0.0,0.0,6.92873554337,10.6176497967,8.50168366788,16.2776193169,4.56738761813,9.42944953604,11.1190406286,22.5846451521,3.83986494868,37.300224,21.059968,0.0,8.659968,1.25499368852,7.87210755776,5.71393282661,13.5894647253,1.39283882347,19.00032,0.0,4.45027093443,4.78937704386,60.1673525454,296.876138687,11.4966880294
166,2018-12-17,2.05914763799,68.8091886786,0.993299999999,32.6102302081,0.0,0.197050076691,0.463500286718,1.76891270365,1.89611568395,0.474953898658,0.0,0.0,6.92873554337,10.6176497967,8.50168366788,16.2776193169,4.56738761813,9.42944953604,11.1190406286,22.5846451521,3.83986494868,37.300224,21.059968,0.0,8.659968,1.25499368852,7.87210755776,5.71393282661,13.5894647253,1.39283882347,19.00032,0.0,4.45027093443,4.78937704386,60.1673525454,296.876138687,11.4966880294
167,2018-12-18,2.1832855105,52.50278333,0.812733333333,1.95966543149,0.0,0.191283038417,0.453136664139,1.44972400237,1.84030552804,0.401324309511,0.0,0.0,5.28479423641,6.12350521646,5.26885060593,19.5090933339,3.31387238117,5.17717444943,6.43103515707,22.5846451521,4.48737185814,32.0,20.950016,0.0,7.36,1.33503519956,9.39374322029,5.08416313577,12.2184213466,1.42765037058,17.099776,0.0,3.17214943631,4.31526177438,61.9375330836,222.852703609,6.10949455571
168,2018-12-19,2.35117369617,62.3587380357,0.9196,21.1019468088,1.05084519133,2.80767209516,0.703345640464,1.66378645029,2.61123353858,1.08003893714,0.114014703267,0.0,8.6267924754,10.7287543383,9.76551315692,20.3639530471,7.42523734392,9.23902611612,11.53217979,22.5846451521,4.35274301582,46.799872,21.060032,0.0,20.950016,1.53634480518,6.48895679398,6.9967837023,12.3766873873,1.45338599657,36.199936,0.0203563120504,3.32743877812,4.25842593093,78.9051109216,335.743684976,9.31900804387
169,2018-06-23,4.20907504772,0.00796867534518,2.25341666667,0.0,2.09087927465,4.83271512843,3.55132450681,6.37557010536,4.8889625688,5.58887888426,1.14712964597,3.6864264052,0.0,0.00991142990824,0.0040243017429,0.0,0.000784855215898,0.0,0.000270864344202,4.10133005306,6.70314537417,0.0,0.01565070996,0.76,0.0,3.99110219628,4.38552142509,0.0,0.0123011250835,1.98898280368,0.0,0.0,0.000813599832213,0.00439326733249,105.152085138,0.0,1.41737982631e-05
170,2018-06-24,2.91255635438,0.00826324080117,2.36246666667,0.0,2.24843292262,3.9178151542,3.30832820279,5.49355500256,4.58736697706,4.8894627281,0.469854589535,3.19392931681,0.0,0.00700628084451,0.00233817339176,0.0,0.000622099523753,0.0,0.000302540604025,3.81021009758,5.91016186901,0.0,0.0325492556731,0.6,0.0,3.02723369488,2.8311524187,0.0,0.0119521117376,1.76540451998,0.0,0.0,0.000779542005716,0.00376672357743,88.8882356049,0.0,1.41565105878e-05
171,2018-06-25,2.03734536556,0.00814830919262,1.32085,0.0,0.0,0.0146215950408,0.462279267515,1.29242685288,1.86282902768,0.710520550725,0.0,0.0,0.0,0.00683441795991,0.00220310792793,0.0,0.000469550570415,0.0,0.000320479710354,1.37284077704,6.73945393073,0.0,0.0373555327387,0.51,0.0,2.12325231478,1.56041186627,0.0,0.0124308415325,1.25105451205,0.0,0.0,0.000953038765829,0.00301712786859,48.559483439,0.0,1.24507932924e-05
172,2018-09-24,1.64177531638,0.103312778519,0.887400000003,0.0,0.0,0.421907425796,0.38570448216,0.729017873309,1.99607186975,0.472627808682,0.0,0.0,2.53872713074e-07,0.0100163729512,0.00309976449353,1.40924339456,0.00451156616327,2.23484821618e-05,4.5901426347e-05,0.222302757204,3.90128834662,0.0,0.786049642142,0.38,0.0,0.808373179287,1.00248517553,0.00808682693241,0.0136988556405,0.60327516446,0.0,0.0,0.000801421740221,0.00154578140427,37.0853831895,3.81335485447,0.0
173,2018-09-30,0.550483513885,0.0,0.930316666668,0.0,0.0,0.614787363465,0.296529640233,1.79203534975,1.85692518597,0.508906179548,0.0,0.0,0.0,0.00977384726139,0.000607146532275,1.40715848099,0.00357730239193,0.0,0.0,5.68993483111,3.90666995331,0.0,1.07979955488,0.36,0.0,0.812887378474,1.61209483253,0.0536538083106,0.0418225829198,0.581176626671,0.0998399999999,0.0,0.340261582131,0.00988696524109,36.2104062941,0.0,4.03342128266e-05
174,2018-09-02,3.43127754216,0.0068968316773,1.23595,0.0,0.0,0.25375990678,0.384272119998,0.608020980722,2.05749151124,0.692694593734,0.0,0.0,3.89463821193e-07,0.0100079919066,0.00317861419171,0.0,0.00290349323041,1.79835442395e-05,0.000184077856829,0.106474515051,5.78594649454,0.0,0.0607434973863,0.45,0.0,2.10217528362,2.74515031432,0.0,0.0126543163788,0.941044740168,0.100352,0.0524640918393,0.00152550168798,0.00285366956086,45.0229958957,0.0,0.0
175,2018-11-29,2.06282294529,58.5127625775,1.00091666666,23.8940826789,0.0,1.49857286663,0.528784364615,0.665374647419,2.97142056801,1.81921864831,0.0,0.0,6.55022239917,9.07476891016,8.53156832873,20.1463325538,6.68321141613,8.34338881174,10.7532276763,22.5846451521,5.42186325506,35.899904,21.44,0.0,18.359808,3.27621806416,6.23932569439,7.02439313859,16.1692116392,0.866933142133,32.900096,0.0,2.97942449516,3.95331447929,86.1660300203,305.955057448,8.04002067191
176,2018-10-17,6.51896698773,0.46413979691,1.82426666667,0.0263342136022,2.85884199023,5.68015564202,3.00076537882,5.34231950355,5.51382457923,3.84651439757,0.0,4.21403116137,0.000680396497046,0.480959519671,0.0293772820733,3.60944051039,0.00111631945765,0.0,0.0259108992468,11.3893585689,5.93269378783,0.0,4.946100001,0.0,0.0,2.58851541916,3.21395072312,0.16269554029,0.0838446070702,1.80030422682,0.0,0.227380559474,0.429619811663,0.248316877669,99.3636940761,7.80511756893,0.0140642242841
177,2018-11-04,1.65846681723,36.2404861177,1.38531666667,16.1068909397,1.23967853928,1.10899414028,0.570277932427,2.68324008776,3.46112401754,1.33785115314,0.0,0.0,5.63960881634,6.5853442947,6.17850822184,13.9498583204,5.24992201244,6.33022844739,7.67781840268,24.0393842198,5.72299452515,23.600128,12.0132661301,0.0,9.649664,1.6703312461,5.7716600385,5.7666451796,10.5211693023,0.987608581927,24.999936,0.0,2.19490485457,2.55608068601,81.4932244204,203.99918079,5.46104977007
178,2018-11-02,1.99215238873,52.3191936785,1.42806666667,22.1469710856,0.681823252035,0.824241512651,0.402828451544,2.59377359122,3.44614164335,1.26300262331,0.0,0.0,6.78630554089,8.50739011737,7.743832159,19.2397765492,6.09494121431,7.40494471605,10.281716005,23.411039114,5.53385455202,33.999872,13.3124982652,0.0,17.670144,1.52305790398,9.75333277641,7.43421263016,13.4707444837,0.934209649116,35.500032,0.0,3.05327365882,3.75352673689,82.2096303427,286.627080198,6.92199629743
179,2018-11-03,1.93615586383,35.7904091319,1.39775,17.6555434633,0.0807845138097,0.00276052657136,0.32814988252,1.75078752964,2.38773895484,0.489610088982,0.0,0.0,1.10894981225,2.29588839967,2.23802077418,20.1642483526,1.7944356343,2.28755587469,2.97249855405,18.878372211,6.29754305384,18.299904,13.4017420365,0.0,7.58016,1.80971376805,7.1779916923,3.73732505825,8.55814993647,1.00995054784,29.200384,0.0,2.06074294166,3.32773726432,73.23036191,172.989143557,2.1620727687
