AA-MM-JJ/hh:mm:ss, sst_fr_1 , sst_fr_2 , sst_fr_3 , sst_fr_4 , sst_fr_5 , sst_fr_6 , sst_fr_7 , sst_fr_8 , 
17-04-01/23:00:00,9770,16816,29513,28165,41088,18437,14793,15069, 
17-04-02/23:00:00,9770,16816,29514,28165,41089,18437,14793,15070, 
17-04-03/23:00:00,9773,16819,29516,28171,41093,18441,14797,15072, 
17-04-04/23:00:00,9775,16822,29518,28177,41097,18445,14800,15075, 
17-04-05/23:00:00,9778,16824,29521,28185,41100,18449,14804,15077, 
17-04-06/23:00:00,9781,16827,29524,28192,41104,18453,14806,15080, 
17-04-07/23:00:00,9783,16831,29527,28197,41107,18456,14809,15082, 
17-04-08/23:00:00,9784,16831,29527,28198,41109,18456,14809,15083, 
17-04-09/23:00:00,9784,16832,29528,28199,41111,18457,14810,15083, 
17-04-10/23:00:00,9786,16835,29531,28205,41114,18461,14813,15086, 
17-04-11/23:00:00,9789,16838,29534,28211,41118,18464,14816,15089, 
17-04-12/23:00:00,9792,16841,29537,28217,41121,18467,14819,15091, 
17-04-13/23:00:00,9794,16843,29539,28223,41125,18471,14821,15094, 
17-04-14/23:00:00,9796,16846,29542,28229,41129,18475,14824,15097, 
17-04-15/23:00:00,9797,16847,29543,28230,41131,18476,14825,15097, 
17-04-16/23:00:00,9797,16847,29543,28230,41133,18476,14825,15097, 
17-04-17/23:00:00,9798,16847,29544,28230,41134,18477,14825,15097, 
17-04-18/23:00:00,9800,16849,29546,28234,41137,18479,14827,15099, 
17-04-19/23:00:00,9802,16851,29548,28240,41140,18482,14829,15101, 
17-04-20/23:00:00,9804,16853,29550,28245,41144,18486,14831,15104, 
17-04-21/23:00:01,9806,16856,29553,28250,41147,18488,14833,15107, 
17-04-22/23:00:00,9806,16856,29553,28250,41149,18488,14833,15107, 
17-04-23/23:00:00,9806,16856,29553,28251,41150,18489,14833,15107, 
17-04-24/23:00:00,9808,16858,29555,28255,41153,18490,14835,15109, 
17-04-25/23:00:00,9809,16860,29557,28260,41156,18492,14836,15111, 
17-04-26/23:00:00,9811,16861,29560,28265,41159,18493,14838,15113, 
17-04-27/23:00:00,9813,16863,29562,28270,41163,18495,14839,15116, 
17-04-28/23:00:00,9814,16865,29565,28274,41166,18497,14841,15118, 
17-04-29/23:00:00,9814,16865,29565,28275,41168,18498,14841,15118, 
17-04-30/23:00:00,9814,16865,29565,28275,41169,18498,14841,15118, 
17-05-01/23:00:00,9814,16865,29566,28275,41171,18498,14841,15118, 
17-05-02/23:00:00,9816,16866,29567,28278,41173,18500,14842,15120, 
17-05-03/23:00:00,9817,16867,29570,28283,41176,18502,14843,15121, 
17-05-04/23:00:00,9818,16869,29572,28287,41179,18504,14843,15123, 
17-05-16/23:00:00,9820,16871,29574,28290,41182,18506,14847,15126, 
17-05-17/23:00:00,9823,16875,29577,28296,41188,18509,14852,15130, 
17-05-18/23:00:00,9825,16878,29580,28301,41193,18512,14857,15133, 
17-05-19/23:00:00,9828,16881,29583,28306,41197,18515,14861,15136, 
17-05-20/23:00:00,9828,16881,29584,28307,41200,18515,14861,15137, 
17-05-21/23:00:00,9828,16882,29584,28307,41202,18516,14862,15137, 
17-05-22/23:00:00,9831,16886,29588,28313,41207,18519,14867,15141, 
17-05-23/23:00:00,9834,16891,29591,28319,41213,18522,14872,15146, 
17-05-24/23:00:00,9837,16895,29595,28326,41219,18526,14878,15150, 
17-05-25/23:00:00,9837,16896,29595,28326,41221,18526,14878,15151, 
17-05-26/23:00:00,9837,16896,29596,28327,41223,18527,14879,15152, 
17-05-27/23:00:00,9837,16897,29596,28327,41226,18527,14880,15153, 
17-05-28/23:00:00,9838,16898,29597,28328,41228,18527,14881,15154, 
17-05-29/23:00:00,9843,16907,29603,28338,41239,18533,14882,15161, 
17-05-30/23:00:00,9847,16912,29607,28346,41247,18539,14886,15166, 
17-05-31/23:00:00,9851,16918,29612,28353,41254,18545,14896,15171, 
17-06-01/23:00:00,9855,16925,29616,28361,41262,18552,14905,15177, 
17-06-02/23:00:01,9859,16931,29621,28370,41271,18559,14913,15183, 
17-06-03/23:00:00,9859,16932,29621,28371,41273,18560,14914,15183, 
17-06-04/23:00:00,9859,16934,29622,28372,41275,18561,14915,15184, 
17-06-05/23:00:00,9859,16935,29623,28373,41277,18562,14916,15185, 
17-06-06/23:00:00,9862,16938,29626,28377,41282,18566,14920,15187, 
17-06-07/23:00:00,9864,16940,29629,28382,41287,18570,14924,15189, 
17-06-08/23:00:00,9867,16944,29633,28387,41292,18575,14929,15193, 
17-06-09/23:00:00,9870,16948,29636,28392,41297,18580,14935,15196, 
17-06-10/23:00:00,9870,16950,29637,28394,41300,18581,14936,15197, 
17-06-11/23:00:00,9870,16952,29638,28395,41302,18582,14938,15198, 
17-06-12/23:00:00,9874,16957,29642,28402,41309,18588,14945,15202, 
17-06-13/23:00:00,9877,16962,29646,28409,41316,18594,14952,15206, 
17-06-14/23:00:00,9881,16968,29650,28416,41323,18600,14959,15211, 
17-06-15/23:00:00,9885,16975,29655,28424,41332,18607,14967,15217, 
17-06-16/23:00:00,9888,16981,29660,28430,41338,18613,14974,15222, 
17-06-17/23:00:00,9888,16983,29660,28432,41341,18614,14975,15222, 
17-06-18/23:00:00,9888,16985,29661,28433,41343,18615,14977,15223, 
17-06-19/23:00:00,9893,16993,29667,28443,41353,18623,14988,15230, 
17-06-20/23:00:00,9898,17002,29672,28453,41363,18630,14999,15237, 
17-06-21/23:00:00,9903,17011,29679,28463,41373,18638,15010,15245, 
17-06-22/23:00:00,9909,17021,29686,28475,41383,18646,15022,15252, 
17-06-23/23:00:00,9914,17029,29693,28486,41393,18655,15031,15259, 
17-06-24/23:00:00,9914,17031,29693,28487,41396,18656,15031,15260, 
17-06-25/23:00:00,9914,17032,29694,28487,41399,18657,15032,15261, 
17-06-26/23:00:00,9919,17040,29701,28497,41409,18665,15042,15267, 
17-06-27/23:00:00,9924,17048,29707,28507,41420,18673,15051,15274, 
17-06-28/23:00:00,9928,17054,29713,28515,41429,18680,15063,15279, 
17-06-29/23:00:00,9931,17058,29718,28522,41438,18686,15070,15283, 
17-06-30/23:00:00,9934,17062,29722,28528,41445,18691,15076,15286, 
17-07-01/23:00:00,9934,17062,29722,28529,41448,18692,15076,15286, 
17-07-02/23:00:00,9934,17062,29723,28529,41450,18693,15076,15286, 
17-07-03/23:00:00,9936,17066,29727,28535,41457,18698,15082,15290, 
17-07-04/23:00:00,9940,17071,29731,28542,41464,18704,15088,15295, 
17-07-05/23:00:00,9944,17078,29737,28551,41474,18711,15097,15301, 
17-07-06/23:00:00,9948,17085,29742,28560,41483,18718,15106,15307, 
17-07-07/23:00:00,9952,17093,29748,28570,41493,18726,15116,15314, 
17-07-08/23:00:00,9952,17093,29749,28571,41496,18727,15117,15314, 
17-07-09/23:00:01,9952,17093,29749,28571,41499,18728,15118,15314, 
17-07-10/23:00:00,9957,17100,29755,28581,41510,18735,15127,15320, 
17-07-11/23:00:00,9960,17105,29760,28588,41518,18742,15134,15324, 
17-07-12/23:00:00,9963,17110,29765,28595,41527,18748,15141,15329, 
17-07-13/23:00:00,9966,17114,29769,28602,41534,18753,15146,15333, 
17-07-14/23:00:00,9966,17115,29769,28602,41537,18754,15147,15333, 
17-07-15/23:00:00,9966,17115,29770,28603,41539,18755,15147,15333, 
17-07-16/23:00:00,9966,17115,29770,28603,41542,18756,15148,15333, 
17-07-17/23:00:00,9970,17121,29775,28612,41552,18763,15155,15338, 
17-07-18/23:00:00,9975,17128,29781,28621,41561,18770,15163,15344, 
17-07-19/23:00:00,9980,17136,29787,28630,41569,18777,15171,15350, 
17-07-20/23:00:01,9983,17142,29792,28637,41578,18784,15178,15356, 
17-07-21/23:00:00,9987,17147,29798,28643,41586,18791,15185,15360, 
17-07-22/23:00:00,9987,17147,29798,28644,41588,18792,15185,15360, 
17-07-23/23:00:00,9987,17147,29799,28644,41591,18793,15185,15360, 
17-07-24/23:00:00,9989,17150,29802,28648,41596,18798,15190,15363, 
17-07-25/23:00:00,9991,17153,29806,28653,41600,18802,15193,15366, 
17-07-26/23:00:00,9994,17156,29810,28657,41606,18807,15198,15369, 
17-07-27/23:00:00,9996,17160,29813,28662,41611,18811,15202,15372, 
17-07-28/23:00:00,9998,17163,29817,28666,41616,18816,15207,15375, 
17-07-29/23:00:00,9998,17163,29817,28667,41619,18817,15207,15375, 
17-07-30/23:00:00,9998,17164,29818,28667,41621,18818,15207,15375, 
17-07-31/23:00:00,10001,17168,29822,28673,41628,18823,15213,15380, 
17-08-01/23:00:00,10004,17173,29826,28679,41634,18829,15219,15384, 
17-08-02/23:00:00,10007,17177,29830,28685,41641,18835,15225,15388, 
17-08-03/23:00:00,10010,17183,29835,28691,41648,18841,15231,15393, 
17-08-04/23:00:00,10013,17188,29839,28697,41655,18846,15236,15397, 
17-08-05/23:00:00,10013,17188,29840,28698,41657,18847,15237,15397, 
17-08-06/23:00:00,10013,17189,29840,28698,41659,18848,15237,15397, 
17-08-07/23:00:00,10017,17193,29845,28704,41666,18854,15243,15402, 
17-08-08/23:00:00,10019,17196,29849,28709,41671,18859,15247,15405, 
17-08-09/23:00:00,10021,17199,29852,28712,41676,18863,15250,15407, 
17-08-10/23:00:00,10023,17201,29855,28716,41680,18867,15253,15409, 
17-08-11/23:00:00,10024,17204,29857,28720,41684,18871,15257,15411, 
17-08-12/23:00:00,10024,17204,29858,28720,41686,18872,15257,15411, 
17-08-13/23:00:00,10024,17205,29858,28720,41688,18873,15257,15411, 
17-08-14/23:00:00,10025,17205,29858,28721,41689,18874,15258,15411, 
17-08-15/23:00:00,10025,17206,29859,28721,41691,18874,15258,15411, 
17-08-16/23:00:00,10028,17211,29863,28727,41697,18880,15263,15416, 
17-08-17/23:00:00,10030,17214,29866,28731,41701,18885,15268,15419, 
17-08-18/23:00:00,10031,17217,29869,28736,41706,18889,15272,15422, 
17-08-19/23:00:00,10031,17218,29870,28736,41708,18890,15272,15422, 
17-08-20/23:00:00,10031,17218,29870,28736,41710,18891,15272,15422, 
17-08-21/23:00:00,10034,17222,29874,28741,41715,18896,15277,15426, 
17-08-22/23:00:00,10037,17228,29878,28747,41721,18902,15284,15430, 
17-08-23/23:00:00,10041,17234,29883,28754,41728,18908,15290,15435, 
17-08-24/23:00:00,10043,17238,29886,28759,41733,18914,15295,15439, 
17-08-25/23:00:00,10045,17242,29890,28764,41737,18919,15299,15442, 
17-08-26/23:00:00,10045,17242,29890,28765,41740,18920,15299,15442, 
17-08-27/23:00:00,10045,17243,29890,28765,41742,18921,15300,15442, 
17-08-28/23:00:00,10049,17250,29896,28773,41750,18928,15308,15448, 
17-08-29/23:00:00,10053,17258,29901,28781,41757,18935,15316,15455, 
17-08-30/23:00:00,10056,17264,29906,28788,41764,18942,15322,15459, 
17-08-31/23:00:00,10058,17267,29909,28792,41768,18947,15326,15462, 
17-09-01/23:00:00,10061,17271,29912,28797,41773,18951,15330,15465, 
17-09-02/23:00:00,10061,17271,29913,28798,41775,18952,15330,15465, 
17-09-03/23:00:00,10061,17271,29913,28799,41777,18953,15331,15465, 
17-09-04/23:00:00,10063,17276,29917,28804,41781,18958,15336,15469, 
17-09-05/23:00:00,10065,17280,29920,28809,41786,18963,15340,15472, 
17-09-06/23:00:00,10067,17283,29921,28813,41790,18967,15344,15474, 
17-09-07/23:00:00,10069,17286,29924,28817,41793,18971,15347,15476, 
17-09-08/23:00:00,10070,17288,29926,28820,41797,18974,15350,15478, 
17-09-09/23:00:00,10070,17288,29926,28821,41798,18975,15351,15478, 
17-09-10/23:00:01,10070,17288,29926,28822,41800,18976,15351,15478, 
17-09-11/23:00:00,10071,17290,29927,28824,41803,18977,15352,15479, 
17-09-12/23:00:00,10071,17291,29928,28825,41805,18978,15353,15479, 
17-09-13/23:00:00,10071,17291,29929,28826,41807,18979,15353,15479, 
17-09-14/23:00:00,10072,17292,29930,28828,41810,18980,15353,15479, 
17-09-15/23:00:00,10074,17294,29932,28832,41813,18982,15353,15479, 
17-09-16/23:00:00,10074,17294,29932,28833,41814,18982,15354,15479, 
17-09-17/23:00:00,10074,17294,29933,28833,41816,18982,15354,15479, 
17-09-18/23:00:00,10075,17296,29934,28837,41819,18984,15354,15479, 
17-09-19/23:00:00,10077,17297,29936,28841,41822,18986,15355,15479, 
17-09-20/23:00:00,10079,17299,29938,28846,41826,18988,15357,15480, 
17-09-21/23:00:00,10081,17302,29941,28851,41830,18990,15359,15481, 
17-09-22/23:00:00,10083,17304,29943,28856,41834,18992,15362,15482, 
17-09-23/23:00:00,10083,17304,29943,28856,41836,18992,15362,15482, 
17-09-24/23:00:00,10083,17305,29943,28856,41837,18992,15362,15482, 
17-09-25/23:00:00,10085,17307,29945,28861,41841,18995,15363,15483, 
17-09-26/23:00:00,10087,17310,29947,28866,41845,18997,15365,15486, 
17-09-27/23:00:00,10089,17311,29950,28870,41849,18999,15367,15487, 
17-09-28/23:00:00,10090,17313,29952,28874,41853,19001,15369,15488, 
17-09-29/23:00:00,10092,17315,29954,28878,41858,19004,15371,15490, 
17-09-30/23:00:00,10092,17315,29954,28879,41860,19004,15371,15490, 
17-10-01/23:00:00,10092,17315,29955,28879,41862,19004,15371,15490, 
17-10-02/23:00:00,10094,17316,29956,28882,41865,19006,15373,15490, 
17-10-03/23:00:00,10096,17318,29958,28886,41869,19007,15374,15492, 
17-10-04/23:00:00,10098,17320,29961,28890,41873,19010,15376,15493, 
17-10-05/23:00:00,10099,17321,29963,28894,41876,19011,15377,15494, 
17-10-06/23:00:01,10101,17323,29965,28898,41879,19013,15378,15495, 
17-10-07/23:00:00,10101,17323,29965,28898,41881,19013,15378,15495, 
17-10-08/23:00:00,10101,17323,29966,28898,41883,19013,15379,15495, 
17-10-09/23:00:00,10102,17325,29967,28902,41885,19015,15379,15495, 
17-10-10/23:00:00,10104,17326,29969,28905,41888,19016,15380,15496, 
17-10-11/23:00:00,10105,17327,29971,28908,41891,19018,15381,15497, 
17-10-12/23:00:00,10107,17329,29973,28912,41895,19020,15382,15498, 
17-10-13/23:00:00,10109,17331,29975,28916,41899,19022,15384,15499, 
17-10-14/23:00:00,10109,17331,29976,28917,41901,19022,15384,15499, 
17-10-15/23:00:00,10109,17332,29976,28917,41903,19022,15384,15499, 
17-10-16/23:00:00,10111,17335,29978,28922,41908,19025,15386,15500, 
17-10-17/23:00:00,10113,17338,29981,28927,41912,19027,15388,15502, 
17-10-18/23:00:00,10115,17340,29983,28931,41916,19029,15389,15503, 
17-10-19/23:00:00,10117,17342,29985,28935,41920,19032,15391,15504, 
17-10-20/23:00:00,10118,17344,29988,28939,41924,19034,15392,15507, 
17-10-21/23:00:00,10118,17344,29988,28939,41926,19034,15392,15507, 
17-10-22/23:00:00,10118,17344,29988,28940,41928,19035,15393,15507, 
17-10-23/23:00:00,10119,17345,29990,28942,41930,19036,15393,15508, 
17-10-24/23:00:00,10121,17346,29992,28945,41933,19038,15394,15510, 
17-10-25/23:00:00,10122,17348,29994,28948,41937,19041,15396,15512, 
17-10-26/23:00:00,10123,17349,29996,28951,41940,19043,15397,15514, 
17-10-27/23:00:00,10125,17351,29998,28956,41943,19045,15398,15516, 
17-10-28/23:00:00,10125,17351,29998,28956,41945,19046,15398,15516, 
17-10-29/23:00:00,10125,17351,29999,28957,41947,19046,15398,15516, 
17-10-30/23:00:00,10125,17351,29999,28958,41949,19046,15399,15516, 
17-10-31/23:00:00,10125,17352,30000,28959,41951,19046,15399,15516, 
17-11-01/23:00:00,10125,17352,30000,28960,41953,19047,15399,15516, 
17-11-02/23:00:00,10126,17353,30002,28962,41955,19048,15400,15518, 
17-11-03/23:00:00,10127,17354,30004,28965,41958,19050,15400,15519, 
17-11-04/23:00:00,10127,17354,30004,28966,41959,19050,15400,15519, 
17-11-05/23:00:00,10127,17354,30005,28966,41961,19050,15401,15519, 
17-11-06/23:00:00,10129,17355,30006,28969,41963,19052,15401,15521, 
17-11-07/23:00:00,10130,17356,30008,28973,41967,19054,15402,15523, 
17-11-08/23:00:00,10132,17357,30011,28977,41970,19056,15402,15525, 
17-11-09/23:00:00,10133,17358,30013,28980,41973,19058,15403,15527, 
17-11-10/23:00:00,10134,17359,30015,28983,41976,19060,15404,15528, 
17-11-11/23:00:00,10134,17359,30015,28984,41978,19060,15404,15528, 
17-11-12/23:00:00,10134,17359,30015,28984,41979,19060,15404,15528, 
17-11-13/23:00:00,10136,17360,30017,28986,41982,19062,15405,15530, 
17-11-14/23:00:00,10137,17361,30019,28990,41985,19064,15406,15532, 
17-11-15/23:00:00,10139,17362,30021,28993,41988,19066,15406,15533, 
17-11-16/23:00:00,10140,17363,30023,28996,41991,19068,15407,15535, 
17-11-17/23:00:00,10141,17364,30025,29000,41995,19070,15408,15537, 
17-11-18/23:00:00,10141,17364,30026,29000,41997,19071,15408,15537, 
17-11-19/23:00:00,10141,17364,30026,29001,41999,19071,15408,15537, 
17-11-20/23:00:00,10142,17365,30027,29003,42003,19072,15409,15539, 
17-11-21/23:00:00,10143,17366,30027,29005,42006,19074,15410,15540, 
17-11-22/23:00:00,10145,17367,30029,29007,42010,19077,15411,15542, 
17-11-23/23:00:00,10146,17368,30031,29010,42014,19079,15412,15544, 
17-11-24/23:00:00,10148,17368,30033,29012,42018,19081,15413,15546, 
17-11-25/23:00:00,10148,17369,30034,29013,42020,19081,15413,15546, 
17-11-26/23:00:00,10148,17369,30034,29013,42022,19081,15413,15546, 
17-11-27/23:00:00,10149,17369,30036,29015,42025,19083,15414,15547, 
17-11-28/23:00:00,10151,17370,30038,29017,42029,19084,15415,15549, 
17-11-29/23:00:00,10152,17371,30040,29020,42032,19086,15415,15551, 
17-11-30/23:00:00,10153,17371,30041,29022,42036,19087,15416,15551, 
17-12-01/23:00:00,10153,17371,30042,29023,42040,19088,15416,15551, 
17-12-02/23:00:00,10153,17372,30043,29024,42042,19088,15416,15551, 
17-12-03/23:00:00,10153,17372,30043,29024,42044,19089,15416,15551, 
17-12-04/23:00:00,10153,17372,30044,29025,42047,19089,15416,15551, 
17-12-05/23:00:00,10153,17372,30045,29026,42051,19090,15416,15551, 
17-12-06/23:00:00,10153,17373,30046,29028,42054,19091,15416,15551, 
17-12-07/23:00:00,10153,17373,30047,29029,42057,19091,15416,15551, 
17-12-08/23:00:00,10153,17374,30048,29031,42061,19092,15416,15551, 
17-12-09/23:00:00,10153,17374,30048,29032,42063,19092,15416,15551, 
17-12-10/23:00:00,10153,17374,30049,29032,42065,19092,15416,15551, 
17-12-11/23:00:00,10153,17374,30050,29034,42068,19093,15416,15551, 
17-12-12/23:00:00,10153,17374,30051,29037,42071,19093,15416,15551, 
17-12-13/23:00:00,10153,17375,30051,29039,42073,19094,15416,15551, 
17-12-14/23:00:00,10153,17375,30053,29041,42076,19094,15416,15551, 
17-12-15/23:00:00,10153,17376,30055,29044,42079,19095,15416,15551, 
17-12-16/23:00:01,10153,17376,30056,29044,42081,19096,15416,15551, 
17-12-17/23:00:00,10153,17376,30056,29045,42083,19096,15416,15551, 
17-12-18/23:00:00,10154,17376,30058,29047,42086,19097,15416,15552, 
17-12-19/23:00:00,10155,17377,30060,29050,42089,19097,15416,15553, 
17-12-20/23:00:00,10155,17377,30062,29053,42092,19098,15416,15554, 
17-12-21/23:00:00,10156,17377,30064,29056,42095,19099,15416,15554, 
17-12-22/23:00:00,10157,17378,30065,29060,42098,19101,15416,15555, 
17-12-23/23:00:00,10157,17378,30066,29060,42100,19101,15416,15555, 
17-12-24/23:00:00,10157,17378,30066,29061,42102,19101,15416,15555, 
17-12-25/23:00:01,10157,17378,30067,29062,42104,19102,15416,15555, 
17-12-26/23:00:00,10157,17378,30067,29062,42106,19102,15416,15555, 
17-12-27/23:00:00,10157,17378,30068,29063,42108,19102,15416,15555, 
17-12-28/23:00:00,10157,17378,30068,29063,42110,19102,15416,15555, 
17-12-29/23:00:00,10157,17378,30068,29064,42112,19103,15416,15555, 
17-12-30/23:00:00,10157,17378,30069,29065,42114,19103,15416,15555, 
17-12-31/23:00:01,10157,17378,30069,29065,42116,19103,15416,15555, 
18-01-01/23:00:00,10158,17378,30070,29066,42118,19103,15416,15555, 
18-01-02/23:00:00,10158,17379,30070,29067,42120,19104,15416,15556, 
18-01-03/23:00:01,10159,17379,30071,29069,42123,19104,15416,15556, 
18-01-04/23:00:00,10159,17379,30072,29070,42125,19105,15416,15557, 
18-01-05/23:00:00,10160,17379,30074,29072,42128,19106,15416,15557, 
18-01-06/23:00:00,10160,17379,30074,29073,42130,19107,15416,15557, 
18-01-07/23:00:00,10160,17379,30075,29074,42132,19107,15416,15557, 
18-01-08/23:00:00,10161,17379,30076,29075,42135,19108,15416,15558, 
18-01-09/23:00:00,10161,17379,30077,29076,42138,19109,15416,15559, 
18-01-10/23:00:00,10162,17379,30079,29079,42141,19111,15416,15560, 
18-01-11/23:00:00,10163,17380,30081,29082,42144,19113,15416,15561, 
18-01-12/23:00:00,10164,17380,30083,29085,42147,19115,15416,15562, 
18-01-13/23:00:00,10164,17380,30083,29086,42149,19115,15416,15562, 
18-01-14/23:00:01,10164,17380,30084,29086,42151,19115,15416,15562, 
18-01-15/23:00:01,10164,17380,30085,29089,42154,19116,15416,15563, 
18-01-16/23:00:00,10165,17380,30087,29091,42157,19117,15416,15565, 
18-01-17/23:00:00,10166,17380,30089,29093,42160,19119,15416,15566, 
18-01-18/23:00:01,10166,17380,30091,29095,42163,19121,15416,15567, 
18-01-19/23:00:01,10167,17380,30093,29098,42166,19122,15416,15569, 
18-01-20/23:00:00,10167,17381,30094,29098,42168,19123,15416,15569, 
18-01-21/23:00:00,10167,17381,30094,29099,42170,19123,15416,15569, 
18-01-22/23:00:00,10167,17381,30096,29101,42172,19124,15416,15570, 
18-01-23/23:00:01,10168,17381,30098,29104,42175,19126,15416,15571, 
18-01-24/23:00:00,10168,17382,30099,29107,42178,19127,15416,15572, 
18-01-25/23:00:00,10169,17383,30101,29110,42182,19129,15416,15573, 
18-01-26/23:00:00,10169,17384,30103,29113,42185,19131,15419,15575, 
18-01-27/23:00:00,10169,17384,30104,29114,42187,19131,15419,15575, 
18-01-28/23:00:00,10169,17384,30104,29114,42189,19131,15419,15575, 
18-01-29/23:00:00,10170,17385,30106,29117,42192,19133,15424,15576, 
18-01-30/23:00:00,10170,17385,30108,29120,42195,19135,15428,15577, 
18-01-31/23:00:01,10171,17386,30110,29122,42198,19136,15433,15578, 
18-02-01/23:00:01,10171,17386,30112,29125,42201,19138,15437,15579, 
18-02-02/23:00:00,10172,17386,30113,29127,42204,19139,15440,15580, 
18-02-03/23:00:00,10172,17386,30114,29128,42206,19139,15440,15580, 
18-02-04/23:00:00,10172,17387,30115,29129,42208,19139,15440,15580, 
18-02-05/23:00:00,10172,17387,30116,29131,42211,19141,15443,15581, 
18-02-06/23:00:00,10173,17387,30118,29133,42214,19142,15445,15582, 
18-02-07/23:00:00,10173,17387,30120,29134,42216,19143,15448,15583, 
18-02-08/23:00:00,10174,17387,30122,29136,42219,19145,15451,15584, 
18-02-09/23:00:00,10175,17387,30124,29137,42222,19146,15453,15585, 
18-02-10/23:00:00,10175,17387,30125,29138,42224,19147,15453,15585, 
18-02-11/23:00:00,10175,17387,30125,29138,42226,19147,15453,15585, 
18-02-12/23:00:00,10175,17387,30127,29140,42229,19149,15457,15586, 
18-02-13/23:00:00,10176,17387,30129,29142,42232,19150,15460,15587, 
18-02-14/23:00:00,10176,17387,30131,29144,42235,19152,15462,15588, 
18-02-15/23:00:00,10177,17388,30133,29147,42237,19154,15466,15589, 
18-02-16/23:00:00,10178,17389,30135,29150,42240,19156,15470,15590, 
18-02-17/23:00:00,10178,17389,30136,29151,42242,19156,15470,15590, 
18-02-18/23:00:00,10178,17389,30137,29152,42244,19156,15470,15590, 
18-02-19/23:00:00,10179,17390,30138,29154,42247,19158,15474,15591, 
18-02-20/23:00:00,10180,17391,30141,29157,42250,19160,15477,15592, 
18-02-21/23:00:00,10182,17392,30143,29160,42253,19162,15480,15593, 
18-02-22/23:00:00,10184,17393,30145,29164,42256,19164,15484,15595, 
18-02-23/23:00:00,10186,17395,30147,29167,42259,19167,15487,15596, 
18-02-24/23:00:00,10186,17396,30149,29171,42262,19169,15488,15598, 
18-02-25/23:00:00,10187,17397,30151,29174,42266,19172,15488,15600, 
18-02-26/23:00:00,10189,17399,30153,29178,42269,19174,15492,15602, 
18-02-27/23:00:00,10191,17400,30155,29181,42272,19175,15498,15604, 
18-02-28/23:00:00,10191,17401,30156,29183,42274,19176,15500,15605, 
18-03-01/23:00:00,10193,17401,30157,29185,42276,19178,15505,15606, 
18-03-02/23:00:00,10195,17401,30158,29187,42278,19180,15511,15607, 
18-03-03/23:00:00,10195,17402,30159,29189,42281,19180,15511,15607, 
18-03-04/23:00:00,10195,17402,30159,29190,42283,19181,15511,15607, 
18-03-05/23:00:00,10197,17404,30160,29193,42286,19184,15513,15608, 
18-03-06/23:00:00,10198,17409,30161,29196,42289,19186,15513,15610, 
18-03-07/23:00:00,10200,17414,30162,29198,42292,19189,15513,15611, 
18-03-08/23:00:00,10201,17419,30164,29200,42295,19191,15513,15612, 
18-03-09/23:00:00,10203,17423,30165,29203,42298,19193,15514,15614, 
18-03-10/23:00:00,10203,17427,30166,29205,42300,19194,15514,15614, 
18-03-11/23:00:00,10203,17428,30166,29206,42302,19194,15514,15614, 
18-03-12/23:00:00,10205,17432,30168,29208,42305,19196,15515,15615, 
18-03-13/23:00:00,10207,17438,30170,29211,42308,19198,15515,15616, 
18-03-14/23:00:00,10209,17443,30172,29214,42311,19200,15516,15618, 
18-03-15/23:00:00,10211,17448,30174,29218,42315,19201,15517,15620, 
18-03-16/23:00:00,10213,17453,30176,29221,42320,19203,15518,15621, 
18-03-17/23:00:00,10213,17458,30177,29223,42323,19204,15518,15621, 
18-03-18/23:00:00,10213,17462,30178,29224,42326,19205,15518,15621, 
18-03-19/23:00:00,10215,17466,30180,29227,42329,19207,15519,15623, 
18-03-20/23:00:00,10217,17471,30182,29231,42332,19209,15521,15624, 
18-03-21/23:00:00,10218,17476,30184,29234,42337,19212,15522,15626, 
18-03-22/23:00:00,10220,17480,30185,29237,42342,19214,15524,15627, 
18-03-23/23:00:00,10221,17484,30187,29239,42347,19216,15525,15628, 
18-03-24/23:00:00,10221,17490,30188,29241,42351,19217,15525,15628, 
18-03-25/23:00:00,10221,17495,30189,29244,42355,19218,15525,15628, 
18-03-26/23:00:00,10224,17500,30191,29248,42361,19222,15527,15630, 
18-03-27/23:00:00,10225,17505,30193,29250,42367,19224,15528,15631, 
18-03-28/23:00:00,10227,17511,30195,29253,42373,19227,15529,15633, 
18-03-29/23:00:00,10229,17515,30197,29256,42379,19229,15531,15634, 
18-03-30/23:00:00,10231,17521,30199,29259,42385,19232,15532,15636, 
18-03-31/23:00:00,10231,17526,30200,29260,42389,19233,15532,15636, 
18-04-01/23:00:00,10231,17531,30201,29262,42394,19234,15532,15636, 
18-04-02/23:00:00,10232,17534,30202,29264,42398,19236,15533,15637, 
18-04-03/23:00:00,10233,17538,30204,29266,42403,19238,15534,15638, 
18-04-04/23:00:00,10235,17543,30206,29269,42409,19241,15536,15640, 
18-04-05/23:00:00,10237,17547,30208,29272,42414,19244,15537,15641, 
18-04-06/23:00:00,10239,17551,30210,29277,42420,19247,15539,15643, 
18-04-07/23:00:00,10239,17553,30211,29278,42423,19247,15539,15643, 
18-04-08/23:00:00,10239,17555,30212,29279,42425,19248,15539,15643, 
18-04-09/23:00:00,10240,17559,30214,29283,42431,19251,15541,15644, 
18-04-10/23:00:00,10242,17563,30216,29287,42436,19254,15543,15645, 
18-04-11/23:00:00,10243,17566,30218,29290,42441,19256,15544,15647, 
18-04-12/23:00:00,10245,17570,30220,29293,42447,19259,15546,15648, 
18-04-13/23:00:00,10247,17574,30222,29296,42453,19262,15548,15650, 
18-04-14/23:00:00,10247,17575,30223,29297,42455,19263,15548,15650, 
18-04-15/23:00:00,10247,17576,30223,29298,42458,19263,15549,15650, 
18-04-16/23:00:00,10248,17580,30225,29301,42463,19266,15552,15651, 
18-04-17/23:00:00,10250,17584,30228,29305,42469,19270,15555,15653, 
18-04-18/23:00:00,10253,17589,30230,29309,42475,19273,15559,15655, 
18-04-19/23:00:00,10255,17594,30234,29315,42482,19277,15564,15659, 
18-04-20/23:00:00,10258,17600,30237,29321,42488,19282,15570,15662, 
18-04-21/23:00:00,10258,17604,30239,29324,42492,19284,15570,15662, 
18-04-22/23:00:00,10258,17608,30241,29328,42495,19285,15571,15662, 
18-04-23/23:00:00,10261,17614,30245,29333,42502,19290,15576,15666, 
18-04-24/23:00:00,10264,17617,30248,29338,42509,19294,15580,15670, 
18-04-25/23:00:00,10266,17621,30251,29344,42517,19298,15584,15674, 
18-04-26/23:00:00,10268,17625,30253,29349,42525,19302,15588,15677, 
18-04-27/23:00:00,10271,17629,30256,29354,42532,19305,15592,15680, 
18-04-28/23:00:00,10271,17630,30257,29355,42535,19306,15592,15681, 
18-04-29/23:00:00,10272,17631,30257,29355,42537,19307,15592,15681, 
18-04-30/23:00:00,10272,17632,30258,29356,42539,19308,15593,15681, 
18-05-01/23:00:00,10273,17632,30258,29357,42541,19308,15593,15681, 
18-05-02/23:00:00,10275,17635,30260,29359,42544,19310,15595,15683, 
18-05-03/23:00:00,10278,17640,30262,29362,42550,19312,15599,15686, 
18-05-04/23:00:00,10280,17643,30264,29365,42555,19315,15602,15690, 
18-05-05/23:00:00,10281,17645,30265,29366,42557,19316,15602,15690, 
18-05-06/23:00:00,10283,17649,30266,29369,42560,19317,15603,15690, 
18-05-07/23:00:00,10286,17654,30269,29374,42565,19321,15609,15694, 
18-05-08/23:00:10,10290,17658,30270,29377,42568,19323,15612,15694, 
18-05-09/23:00:09,10293,17663,30274,29383,42574,19327,15617,15698, 
18-05-10/23:00:10,10295,17666,30275,29384,42577,19328,15618,15698, 
18-05-11/23:00:11,10298,17669,30277,29389,42583,19331,15622,15702, 
18-05-12/23:00:10,10299,17672,30278,29391,42586,19332,15622,15702, 
18-05-13/23:00:09,10300,17673,30279,29391,42588,19333,15623,15702, 
18-05-14/23:00:10,10302,17675,30281,29395,42592,19335,15626,15705, 
18-05-15/23:00:09,10304,17678,30283,29399,42598,19338,15630,15709, 
18-05-16/23:00:00,10306,17681,30286,29403,42603,19341,15635,15712, 
18-05-17/23:00:00,10309,17684,30288,29408,42608,19344,15639,15716, 
18-05-18/23:00:00,10311,17687,30291,29412,42613,19347,15643,15720, 
18-05-19/23:00:00,10312,17688,30292,29414,42615,19347,15643,15720, 
18-05-20/23:00:00,10312,17690,30293,29415,42617,19348,15643,15720, 
18-05-21/23:00:00,10313,17691,30294,29417,42619,19348,15644,15720, 
18-05-22/23:00:00,10315,17695,30297,29421,42624,19351,15650,15723, 
18-05-23/23:00:00,10318,17699,30300,29426,42628,19354,15656,15727, 
18-05-24/23:00:00,10320,17703,30303,29431,42633,19358,15662,15730, 
18-05-25/23:00:00,10323,17707,30306,29436,42638,19362,15670,15733, 
18-05-26/23:00:00,10323,17708,30307,29437,42640,19363,15670,15733, 
18-05-27/23:00:00,10324,17709,30308,29439,42642,19363,15670,15733, 
18-05-28/23:00:00,10328,17715,30313,29446,42648,19368,15680,15739, 
18-05-29/23:00:00,10330,17719,30316,29452,42653,19373,15688,15743, 
18-05-30/23:00:00,10333,17723,30319,29458,42659,19378,15696,15746, 
18-05-31/23:00:00,10335,17728,30323,29464,42665,19384,15705,15750, 
18-06-01/23:00:00,10337,17732,30327,29469,42669,19388,15712,15753, 
18-06-02/23:00:00,10338,17733,30328,29470,42671,19389,15713,15753, 
18-06-03/23:00:00,10338,17734,30329,29472,42673,19390,15713,15753, 
18-06-04/23:00:00,10341,17739,30333,29478,42679,19396,15724,15757, 
18-06-05/23:00:00,10343,17742,30337,29483,42684,19401,15730,15760, 
18-06-06/23:00:00,10345,17745,30340,29488,42688,19405,15737,15763, 
18-06-07/23:00:00,10348,17750,30344,29493,42693,19410,15743,15767, 
18-06-08/23:00:00,10351,17755,30349,29500,42700,19416,15748,15771, 
18-06-09/23:00:00,10352,17755,30350,29502,42702,19416,15748,15771, 
18-06-10/23:00:00,10352,17756,30351,29504,42703,19417,15748,15771, 
18-06-11/23:00:00,10355,17761,30355,29510,42709,19423,15753,15775, 
18-06-12/23:00:00,10356,17764,30358,29514,42713,19427,15757,15778, 
18-06-13/23:00:00,10358,17766,30361,29518,42716,19431,15759,15781, 
18-06-14/23:00:00,10360,17768,30363,29521,42720,19435,15763,15783, 
18-06-15/23:00:00,10363,17772,30367,29526,42724,19439,15767,15786, 
18-06-16/23:00:00,10363,17773,30368,29528,42726,19440,15767,15786, 
18-06-17/23:00:00,10363,17774,30368,29529,42727,19440,15767,15786, 
18-06-18/23:00:00,10366,17778,30372,29535,42732,19445,15769,15789, 
18-06-19/23:00:00,10368,17782,30376,29541,42737,19450,15770,15793, 
18-06-20/23:00:00,10371,17788,30380,29548,42743,19456,15771,15797, 
18-06-21/23:00:00,10373,17793,30384,29554,42748,19461,15772,15800, 
18-06-22/23:00:00,10376,17797,30387,29559,42753,19466,15772,15804, 
18-06-23/23:00:00,10376,17797,30387,29561,42755,19467,15772,15804, 
18-06-24/23:00:00,10376,17797,30388,29562,42757,19468,15772,15804, 
18-06-25/23:00:00,10379,17802,30392,29569,42763,19474,15773,15808, 
18-06-26/23:00:00,10382,17808,30397,29576,42770,19479,15773,15812, 
18-06-27/23:00:00,10386,17814,30402,29584,42777,19486,15773,15817, 
18-06-28/23:00:00,10389,17819,30407,29592,42784,19492,15773,15821, 
18-06-29/23:00:00,10392,17825,30412,29599,42791,19497,15773,15826, 
18-06-30/23:00:00,10392,17825,30412,29599,42793,19498,15773,15826, 
18-07-01/23:00:00,10392,17825,30412,29600,42795,19499,15773,15826, 
18-07-02/23:00:00,10397,17832,30418,29608,42802,19506,15775,15831, 
18-07-03/23:00:00,10401,17839,30423,29618,42809,19514,15776,15836, 
18-07-04/23:00:00,10405,17847,30429,29628,42818,19523,15777,15842, 
18-07-05/23:00:00,10409,17854,30435,29637,42827,19531,15778,15848, 
18-07-06/23:00:00,10413,17861,30441,29645,42836,19539,15778,15853, 
18-07-07/23:00:00,10413,17864,30441,29647,42838,19540,15778,15853, 
18-07-08/23:00:00,10413,17866,30442,29650,42840,19541,15778,15853, 
18-07-09/23:00:00,10419,17874,30448,29659,42850,19551,15778,15859, 
18-07-10/23:00:00,10422,17880,30453,29667,42858,19559,15778,15864, 
18-07-11/23:00:00,10425,17886,30458,29674,42865,19566,15778,15869, 
18-07-12/23:00:00,10429,17892,30463,29681,42872,19573,15778,15874, 
18-07-13/23:00:00,10432,17898,30468,29688,42881,19581,15778,15879, 
18-07-14/23:00:00,10432,17898,30468,29689,42882,19582,15778,15880, 
18-07-15/23:00:00,10432,17900,30469,29689,42884,19583,15778,15881, 
18-07-16/23:00:00,10437,17907,30475,29699,42893,19592,15779,15887, 
18-07-17/23:00:00,10441,17914,30480,29707,42902,19600,15779,15892, 
18-07-18/23:00:00,10445,17921,30486,29715,42910,19607,15779,15898, 
18-07-19/23:00:00,10449,17928,30491,29723,42918,19615,15779,15903, 
18-07-20/23:00:00,10452,17934,30496,29730,42926,19622,15779,15908, 
18-07-21/23:00:00,10452,17935,30497,29731,42928,19623,15779,15909, 
18-07-22/23:00:00,10452,17936,30497,29732,42930,19624,15780,15910, 
18-07-23/23:00:00,10457,17944,30503,29741,42939,19632,15780,15916, 
18-07-24/23:00:00,10460,17951,30509,29750,42947,19640,15780,15921, 
18-07-25/23:00:00,10464,17958,30513,29759,42956,19649,15780,15927, 
18-07-26/23:00:00,10468,17965,30518,29767,42963,19656,15780,15933, 
18-07-27/23:00:00,10472,17973,30523,29777,42973,19664,15780,15939, 
18-07-28/23:00:00,10472,17973,30524,29777,42975,19666,15780,15940, 
18-07-29/23:00:00,10473,17973,30524,29778,42977,19667,15780,15941, 
18-07-30/23:00:00,10477,17981,30530,29787,42987,19676,15781,15947, 
18-07-31/23:00:00,10481,17988,30535,29796,42997,19684,15781,15953, 
18-08-01/23:00:00,10486,17995,30540,29803,43005,19692,15781,15959, 
18-08-02/23:00:00,10490,18003,30544,29812,43014,19700,15781,15965, 
18-08-03/23:00:00,10494,18010,30549,29821,43022,19708,15781,15972, 
18-08-04/23:00:00,10494,18011,30549,29821,43024,19709,15781,15973, 
18-08-05/23:00:00,10494,18011,30550,29822,43025,19710,15781,15974, 
18-08-06/23:00:00,10499,18020,30555,29833,43035,19720,15781,15981, 
18-08-07/23:00:00,10503,18027,30560,29842,43045,19728,15782,15988, 
18-08-08/23:00:00,10508,18035,30565,29852,43054,19736,15782,15995, 
18-08-09/23:00:00,10510,18040,30569,29858,43062,19744,15782,16000, 
18-08-10/23:00:00,10513,18045,30573,29864,43069,19750,15782,16004, 
18-08-11/23:00:00,10513,18045,30574,29865,43070,19751,15782,16004, 
18-08-12/23:00:00,10513,18045,30574,29865,43072,19752,15782,16004, 
18-08-13/23:00:00,10517,18051,30579,29872,43080,19759,15782,16010, 
18-08-14/23:00:00,10520,18057,30582,29879,43086,19765,15782,16014, 
18-08-15/23:00:00,10520,18057,30583,29880,43088,19766,15782,16014, 
18-08-16/23:00:00,10523,18063,30587,29887,43096,19774,15782,16020, 
18-08-17/23:00:00,10526,18069,30590,29894,43103,19781,15782,16024, 
18-08-18/23:00:00,10526,18069,30591,29895,43105,19782,15782,16024, 
18-08-19/23:00:00,10526,18070,30591,29895,43107,19783,15782,16024, 
18-08-20/23:00:00,10530,18076,30595,29902,43115,19790,15782,16029, 
18-08-21/23:00:00,10533,18081,30599,29909,43123,19797,15782,16034, 
18-08-22/23:00:00,10536,18088,30603,29916,43131,19804,15782,16038, 
18-08-23/23:00:00,10539,18094,30607,29923,43139,19812,15782,16043, 
18-08-24/23:00:00,10541,18098,30610,29929,43145,19817,15782,16046, 
18-08-25/23:00:00,10541,18099,30610,29930,43147,19818,15782,16046, 
18-08-26/23:00:00,10541,18099,30611,29931,43149,19819,15782,16046, 
18-08-27/23:00:00,10543,18104,30614,29936,43154,19824,15782,16049, 
18-08-28/23:00:00,10546,18108,30617,29942,43160,19830,15782,16053, 
18-08-29/23:00:00,10547,18112,30619,29946,43165,19835,15782,16056, 
18-08-30/23:00:00,10549,18115,30622,29950,43169,19839,15782,16058, 
18-08-31/23:00:00,10551,18119,30624,29954,43174,19844,15782,16061, 
18-09-01/23:00:00,10551,18119,30625,29955,43176,19844,15782,16061, 
18-09-02/23:00:00,10551,18119,30625,29955,43178,19845,15782,16061, 
18-09-03/23:00:00,10553,18123,30628,29961,43183,19851,15782,16064, 
18-09-04/23:00:00,10554,18127,30630,29965,43187,19855,15782,16067, 
18-09-05/23:00:00,10557,18131,30633,29970,43193,19860,15782,16070, 
18-09-06/23:00:00,10558,18134,30635,29974,43197,19865,15782,16073, 
18-09-07/23:00:00,10560,18137,30638,29977,43201,19869,15782,16076, 
18-09-08/23:00:00,10560,18138,30638,29978,43203,19869,15782,16076, 
18-09-09/23:00:00,10560,18138,30638,29979,43205,19870,15782,16076, 
18-09-10/23:00:00,10562,18143,30641,29984,43211,19873,15782,16080, 
18-09-11/23:00:00,10565,18148,30644,29991,43216,19877,15782,16084, 
18-09-12/23:00:00,10568,18154,30648,29998,43222,19881,15782,16088, 
18-09-13/23:00:00,10569,18157,30650,30003,43233,19885,15782,16091, 
18-09-14/23:00:00,10571,18161,30652,30008,43241,19888,15782,16094, 
18-09-15/23:00:00,10571,18162,30653,30009,43242,19889,15782,16094, 
18-09-16/23:00:00,10571,18163,30653,30010,43244,19889,15782,16094, 
18-09-17/23:00:00,10574,18168,30656,30016,43248,19893,15782,16097, 
18-09-18/23:00:00,10576,18172,30659,30022,43253,19897,15782,16101, 
18-09-19/23:00:00,10579,18177,30662,30028,43257,19902,15782,16104, 
18-09-20/23:00:00,10582,18181,30665,30034,43262,19906,15782,16108, 
18-09-21/23:00:00,10583,18185,30667,30038,43266,19910,15782,16111, 
18-09-22/23:00:00,10583,18186,30668,30039,43268,19910,15782,16111, 
18-09-23/23:00:00,10583,18186,30668,30040,43270,19911,15782,16111, 
18-09-24/23:00:00,10585,18189,30670,30043,43274,19914,15782,16113, 
18-09-25/23:00:00,10587,18192,30672,30049,43280,19917,15782,16116, 
18-09-26/23:00:00,10589,18197,30675,30054,43287,19921,15782,16120, 
18-09-27/23:00:00,10591,18203,30677,30060,43293,19926,15782,16123, 
18-09-28/23:00:00,10592,18203,30678,30062,43295,19926,15782,16123, 
18-09-29/23:00:00,10592,18204,30678,30064,43297,19927,15782,16123, 
18-09-30/23:00:00,10592,18204,30678,30066,43299,19927,15782,16123, 
