AA-MM-JJ/hh:mm:ss, sst_ch_1 , sst_ch_2 , sst_ch_3 , sst_ch_4 , sst_ch_5 , sst_ch_6 , sst_ch_7 , sst_ch_8 , 
17-04-01/23:00:00,25789,40850,242917,48532,21689,27751,36483,39539,
17-04-02/23:00:00,25789,40850,242917,48532,21689,27751,36484,39540,
17-04-03/23:00:00,25792,40857,242923,48537,21690,27754,36489,39544,
17-04-04/23:00:00,25795,40863,242929,48542,21693,27758,36494,39549,
17-04-05/23:00:00,25801,40873,242938,48547,21695,27762,36502,39557,
17-04-06/23:00:00,25805,40882,242948,48552,21697,27765,36509,39564,
17-04-07/23:00:00,25808,40888,242954,48555,21697,27766,36513,39568,
17-04-08/23:00:00,25808,40888,242954,48555,21697,27766,36513,39568,
17-04-09/23:00:00,25808,40888,242954,48555,21697,27766,36513,39568,
17-04-10/23:00:00,25811,40896,242960,48559,21698,27768,36518,39575,
17-04-11/23:00:00,25815,40902,242966,48562,21699,27769,36523,39580,
17-04-12/23:00:00,25816,40906,242969,48565,21700,27770,36526,39584,
17-04-13/23:00:00,25820,40913,242975,48569,21703,27774,36532,39591,
17-04-14/23:00:00,25824,40920,242981,48571,21706,27778,36537,39596,
17-04-15/23:00:00,25824,40920,242981,48571,21706,27778,36537,39596,
17-04-16/23:00:00,25824,40920,242981,48571,21706,27778,36537,39596,
17-04-17/23:00:00,25824,40920,242981,48571,21706,27778,36537,39596,
17-04-18/23:00:00,25830,40930,242990,48578,21709,27780,36544,39605,
17-04-19/23:00:00,25836,40941,243000,48583,21712,27785,36551,39614,
17-04-20/23:00:00,25842,40953,243010,48589,21715,27791,36560,39625,
17-04-21/23:00:01,25846,40961,243017,48593,21718,27794,36566,39631,
17-04-22/23:00:00,25846,40961,243017,48593,21718,27794,36566,39631,
17-04-23/23:00:00,25847,40962,243017,48593,21718,27794,36566,39631,
17-04-24/23:00:00,25851,40970,243024,48598,21719,27796,36569,39634,
17-04-25/23:00:00,25856,40981,243034,48603,21723,27799,36576,39642,
17-04-26/23:00:00,25862,40994,243045,48608,21726,27802,36584,39650,
17-04-27/23:00:00,25868,41008,243057,48615,21729,27807,36592,39659,
17-04-28/23:00:00,25873,41018,243066,48619,21732,27812,36598,39664,
17-04-29/23:00:00,25874,41020,243067,48620,21732,27813,36600,39665,
17-04-30/23:00:00,25874,41020,243067,48620,21732,27813,36600,39665,
17-05-01/23:00:00,25874,41020,243067,48620,21732,27813,36600,39665,
17-05-02/23:00:00,25877,41027,243072,48624,21734,27817,36605,39669,
17-05-03/23:00:00,25882,41038,243082,48630,21737,27823,36611,39677,
17-05-04/23:00:00,25885,41045,243088,48633,21740,27827,36615,39681,
17-05-16/23:00:00,25885,41045,243088,48633,21740,27827,36615,39681,
17-05-17/23:00:00,25885,41045,243088,48633,21740,27827,36615,39681,
17-05-18/23:00:00,25886,41047,243090,48634,21740,27828,36617,39683,
17-05-19/23:00:00,25888,41052,243094,48636,21742,27831,36621,39687,
17-05-20/23:00:00,25888,41052,243094,48636,21742,27831,36621,39687,
17-05-21/23:00:00,25888,41052,243094,48636,21742,27831,36621,39687,
17-05-22/23:00:00,25889,41055,243096,48638,21743,27832,36623,39688,
17-05-23/23:00:00,25890,41057,243098,48639,21743,27833,36625,39690,
17-05-24/23:00:00,25891,41059,243099,48640,21744,27834,36627,39691,
17-05-25/23:00:00,25891,41059,243099,48640,21744,27834,36627,39691,
17-05-26/23:00:00,25891,41059,243099,48640,21744,27834,36627,39691,
17-05-27/23:00:00,25891,41059,243099,48640,21744,27834,36627,39691,
17-05-28/23:00:00,25891,41059,243099,48640,21744,27834,36627,39691,
17-05-29/23:00:00,25891,41059,243099,48640,21744,27834,36627,39691,
17-05-30/23:00:00,25891,41059,243099,48640,21744,27834,36627,39691,
17-05-31/23:00:00,25891,41059,243099,48640,21744,27834,36627,39691,
17-06-01/23:00:00,25891,41059,243099,48640,21744,27834,36627,39691,
17-06-02/23:00:01,25891,41059,243099,48640,21744,27834,36627,39691,
17-06-03/23:00:00,25891,41059,243099,48640,21744,27834,36627,39691,
17-06-04/23:00:00,25891,41059,243099,48640,21744,27834,36627,39691,
17-06-05/23:00:00,25891,41059,243099,48640,21744,27834,36627,39691,
17-06-06/23:00:00,25891,41059,243099,48640,21744,27834,36627,39691,
17-06-07/23:00:00,25891,41059,243099,48640,21744,27834,36627,39691,
17-06-08/23:00:00,25891,41059,243099,48640,21744,27834,36627,39691,
17-06-09/23:00:00,25891,41059,243099,48640,21744,27834,36627,39691,
17-06-10/23:00:00,25891,41059,243099,48640,21744,27834,36627,39691,
17-06-11/23:00:00,25891,41059,243099,48640,21744,27834,36627,39691,
17-06-12/23:00:00,25891,41059,243099,48640,21744,27834,36627,39691,
17-06-13/23:00:00,25891,41059,243099,48640,21744,27834,36627,39691,
17-06-14/23:00:00,25891,41059,243099,48640,21744,27834,36627,39691,
17-06-15/23:00:00,25891,41059,243099,48640,21744,27834,36627,39691,
17-06-16/23:00:00,25891,41059,243099,48640,21744,27834,36627,39691,
17-06-17/23:00:00,25891,41059,243099,48640,21744,27834,36627,39691,
17-06-18/23:00:00,25891,41059,243099,48640,21744,27834,36627,39691,
17-06-19/23:00:00,25891,41059,243099,48640,21744,27834,36627,39691,
17-06-20/23:00:00,25891,41059,243099,48640,21744,27834,36627,39691,
17-06-21/23:00:00,25891,41059,243099,48640,21744,27834,36627,39691,
17-06-22/23:00:00,25891,41059,243099,48640,21744,27834,36627,39691,
17-06-23/23:00:00,25891,41059,243099,48640,21744,27834,36627,39691,
17-06-24/23:00:00,25891,41059,243099,48640,21744,27834,36627,39691,
17-06-25/23:00:00,25891,41059,243099,48640,21744,27834,36627,39691,
17-06-26/23:00:00,25891,41059,243099,48640,21744,27834,36627,39691,
17-06-27/23:00:00,25891,41059,243099,48640,21744,27834,36627,39691,
17-06-28/23:00:00,25891,41059,243099,48640,21744,27834,36627,39691,
17-06-29/23:00:00,25891,41059,243099,48640,21744,27834,36627,39691,
17-06-30/23:00:00,25891,41059,243099,48640,21744,27834,36627,39691,
17-07-01/23:00:00,25891,41059,243099,48640,21744,27834,36627,39691,
17-07-02/23:00:00,25891,41059,243099,48640,21744,27834,36627,39691,
17-07-03/23:00:00,25891,41059,243099,48640,21744,27834,36627,39691,
17-07-04/23:00:00,25891,41059,243099,48640,21744,27834,36627,39691,
17-07-05/23:00:00,25891,41059,243099,48640,21744,27834,36627,39691,
17-07-06/23:00:00,25891,41059,243099,48640,21744,27834,36627,39691,
17-07-07/23:00:00,25891,41059,243099,48640,21744,27834,36627,39691,
17-07-08/23:00:00,25891,41059,243099,48640,21744,27834,36627,39691,
17-07-09/23:00:01,25891,41059,243099,48640,21744,27834,36627,39691,
17-07-10/23:00:00,25891,41059,243099,48640,21744,27834,36627,39691,
17-07-11/23:00:00,25891,41059,243099,48640,21744,27834,36627,39691,
17-07-12/23:00:00,25891,41059,243099,48640,21744,27834,36627,39691,
17-07-13/23:00:00,25891,41059,243099,48640,21744,27834,36627,39691,
17-07-14/23:00:00,25891,41059,243099,48640,21744,27834,36627,39691,
17-07-15/23:00:00,25891,41059,243099,48640,21744,27834,36627,39691,
17-07-16/23:00:00,25891,41059,243099,48640,21744,27834,36627,39691,
17-07-17/23:00:00,25891,41059,243099,48640,21744,27834,36627,39691,
17-07-18/23:00:00,25891,41059,243099,48640,21744,27834,36627,39691,
17-07-19/23:00:00,25891,41059,243099,48640,21744,27834,36627,39691,
17-07-20/23:00:01,25891,41059,243099,48640,21744,27834,36627,39691,
17-07-21/23:00:00,25891,41059,243099,48640,21744,27834,36627,39691,
17-07-22/23:00:00,25891,41059,243099,48640,21744,27834,36627,39691,
17-07-23/23:00:00,25891,41059,243099,48640,21744,27834,36627,39691,
17-07-24/23:00:00,25891,41059,243099,48640,21744,27834,36627,39691,
17-07-25/23:00:00,25891,41059,243099,48640,21744,27834,36627,39691,
17-07-26/23:00:00,25891,41059,243099,48640,21744,27834,36627,39691,
17-07-27/23:00:00,25891,41059,243099,48640,21744,27834,36627,39691,
17-07-28/23:00:00,25891,41059,243099,48640,21744,27834,36627,39691,
17-07-29/23:00:00,25891,41059,243099,48640,21744,27834,36627,39691,
17-07-30/23:00:00,25891,41059,243099,48640,21744,27834,36627,39691,
17-07-31/23:00:00,25891,41059,243099,48640,21744,27834,36627,39691,
17-08-01/23:00:00,25891,41059,243099,48640,21744,27834,36627,39691,
17-08-02/23:00:00,25891,41059,243099,48640,21744,27834,36627,39691,
17-08-03/23:00:00,25891,41059,243099,48640,21744,27834,36627,39691,
17-08-04/23:00:00,25891,41059,243099,48640,21744,27834,36627,39691,
17-08-05/23:00:00,25891,41059,243099,48640,21744,27834,36627,39691,
17-08-06/23:00:00,25891,41059,243099,48640,21744,27834,36627,39691,
17-08-07/23:00:00,25891,41059,243099,48640,21744,27834,36627,39691,
17-08-08/23:00:00,25891,41059,243099,48640,21744,27834,36627,39691,
17-08-09/23:00:00,25891,41059,243099,48640,21744,27834,36627,39691,
17-08-10/23:00:00,25891,41059,243099,48640,21744,27834,36627,39691,
17-08-11/23:00:00,25891,41059,243099,48640,21744,27834,36627,39691,
17-08-12/23:00:00,25891,41059,243099,48640,21744,27834,36627,39691,
17-08-13/23:00:00,25891,41059,243099,48640,21744,27834,36627,39691,
17-08-14/23:00:00,25891,41059,243099,48640,21744,27834,36627,39691,
17-08-15/23:00:00,25891,41059,243099,48640,21744,27834,36627,39691,
17-08-16/23:00:00,25891,41059,243099,48640,21744,27834,36627,39691,
17-08-17/23:00:00,25891,41059,243099,48640,21744,27834,36627,39691,
17-08-18/23:00:00,25891,41059,243099,48640,21744,27834,36627,39691,
17-08-19/23:00:00,25891,41059,243099,48640,21744,27834,36627,39691,
17-08-20/23:00:00,25891,41059,243099,48640,21744,27834,36627,39691,
17-08-21/23:00:00,25891,41059,243099,48640,21744,27834,36627,39691,
17-08-22/23:00:00,25891,41059,243099,48640,21744,27834,36627,39691,
17-08-23/23:00:00,25891,41059,243099,48640,21744,27834,36627,39691,
17-08-24/23:00:00,25891,41059,243099,48640,21744,27834,36627,39691,
17-08-25/23:00:00,25891,41059,243099,48640,21744,27834,36627,39691,
17-08-26/23:00:00,25891,41059,243099,48640,21744,27834,36627,39691,
17-08-27/23:00:00,25891,41059,243099,48640,21744,27834,36627,39691,
17-08-28/23:00:00,25891,41059,243099,48640,21744,27834,36627,39691,
17-08-29/23:00:00,25891,41059,243099,48640,21744,27834,36627,39691,
17-08-30/23:00:00,25891,41059,243099,48640,21744,27834,36627,39691,
17-08-31/23:00:00,25891,41059,243099,48640,21744,27834,36627,39691,
17-09-01/23:00:00,25891,41059,243099,48640,21744,27834,36627,39691,
17-09-02/23:00:00,25891,41059,243099,48640,21744,27834,36627,39691,
17-09-03/23:00:00,25891,41059,243099,48640,21744,27834,36627,39691,
17-09-04/23:00:00,25891,41059,243099,48640,21744,27834,36627,39691,
17-09-05/23:00:00,25891,41059,243099,48640,21744,27834,36627,39691,
17-09-06/23:00:00,25891,41059,243099,48640,21744,27834,36627,39691,
17-09-07/23:00:00,25891,41059,243099,48640,21744,27834,36627,39691,
17-09-08/23:00:00,25891,41059,243099,48640,21744,27834,36627,39691,
17-09-09/23:00:00,25891,41059,243099,48640,21744,27834,36627,39691,
17-09-10/23:00:01,25891,41059,243099,48640,21744,27834,36627,39691,
17-09-11/23:00:00,25891,41059,243099,48640,21744,27834,36627,39691,
17-09-12/23:00:00,25891,41059,243099,48640,21744,27834,36627,39691,
17-09-13/23:00:00,25891,41059,243099,48640,21744,27834,36627,39691,
17-09-14/23:00:00,25893,41062,243102,48641,21746,27836,36629,39693,
17-09-15/23:00:00,25895,41067,243106,48643,21748,27840,36631,39697,
17-09-16/23:00:00,25895,41067,243106,48643,21748,27840,36631,39697,
17-09-17/23:00:00,25895,41068,243107,48643,21749,27841,36632,39697,
17-09-18/23:00:00,25899,41074,243112,48645,21752,27846,36636,39703,
17-09-19/23:00:00,25903,41081,243117,48646,21756,27851,36640,39708,
17-09-20/23:00:00,25906,41087,243123,48647,21759,27855,36644,39713,
17-09-21/23:00:00,25909,41090,243126,48648,21761,27858,36647,39716,
17-09-22/23:00:00,25910,41093,243128,48649,21763,27860,36649,39718,
17-09-23/23:00:00,25910,41093,243128,48649,21763,27860,36649,39718,
17-09-24/23:00:00,25910,41093,243128,48649,21763,27860,36649,39718,
17-09-25/23:00:00,25912,41095,243130,48650,21764,27861,36651,39719,
17-09-26/23:00:00,25913,41097,243132,48650,21766,27863,36653,39721,
17-09-27/23:00:00,25915,41099,243134,48652,21767,27865,36655,39723,
17-09-28/23:00:00,25916,41101,243135,48653,21768,27866,36657,39724,
17-09-29/23:00:00,25917,41102,243136,48654,21769,27867,36658,39725,
17-09-30/23:00:00,25917,41102,243136,48654,21769,27867,36658,39725,
17-10-01/23:00:00,25917,41102,243136,48654,21769,27867,36658,39725,
17-10-02/23:00:00,25919,41105,243139,48655,21771,27869,36661,39727,
17-10-03/23:00:00,25920,41107,243141,48656,21772,27870,36664,39729,
17-10-04/23:00:00,25923,41112,243144,48657,21775,27873,36667,39733,
17-10-05/23:00:00,25926,41116,243148,48658,21776,27876,36668,39736,
17-10-06/23:00:01,25929,41121,243152,48660,21778,27879,36669,39741,
17-10-07/23:00:00,25929,41121,243152,48660,21778,27879,36669,39741,
17-10-08/23:00:00,25929,41121,243152,48660,21778,27879,36669,39741,
17-10-09/23:00:00,25932,41126,243157,48661,21780,27883,36669,39744,
17-10-10/23:00:00,25934,41129,243159,48663,21781,27885,36670,39747,
17-10-11/23:00:00,25936,41132,243162,48664,21782,27887,36672,39749,
17-10-12/23:00:00,25937,41135,243164,48664,21783,27888,36674,39751,
17-10-13/23:00:00,25938,41137,243166,48665,21784,27890,36676,39752,
17-10-14/23:00:00,25939,41138,243166,48665,21785,27890,36677,39752,
17-10-15/23:00:00,25939,41138,243166,48665,21785,27891,36678,39752,
17-10-16/23:00:00,25940,41140,243168,48666,21786,27892,36679,39754,
17-10-17/23:00:00,25941,41142,243170,48666,21787,27893,36682,39755,
17-10-18/23:00:00,25942,41144,243171,48667,21789,27894,36684,39757,
17-10-19/23:00:00,25944,41146,243172,48668,21790,27895,36686,39758,
17-10-20/23:00:00,25946,41150,243175,48669,21791,27898,36689,39761,
17-10-21/23:00:00,25946,41150,243175,48669,21791,27898,36689,39761,
17-10-22/23:00:00,25946,41150,243175,48669,21791,27898,36689,39761,
17-10-23/23:00:00,25950,41156,243181,48672,21794,27902,36695,39767,
17-10-24/23:00:00,25953,41160,243184,48673,21796,27905,36698,39770,
17-10-25/23:00:00,25955,41163,243186,48674,21798,27907,36701,39772,
17-10-26/23:00:00,25957,41167,243189,48675,21799,27910,36704,39776,
17-10-27/23:00:00,25960,41171,243193,48676,21801,27913,36708,39780,
17-10-28/23:00:00,25960,41171,243193,48676,21801,27913,36708,39780,
17-10-29/23:00:00,25960,41171,243193,48676,21802,27913,36708,39780,
17-10-30/23:00:00,25962,41175,243196,48677,21803,27915,36710,39782,
17-10-31/23:00:00,25965,41180,243200,48678,21805,27918,36713,39786,
17-11-01/23:00:00,25966,41184,243207,48678,21806,27919,36715,39787,
17-11-02/23:00:00,25972,41193,243215,48680,21810,27926,36722,39795,
17-11-03/23:00:00,25975,41198,243219,48682,21812,27930,36725,39800,
17-11-04/23:00:00,25975,41200,243221,48682,21813,27930,36725,39800,
17-11-05/23:00:00,25976,41200,243221,48682,21813,27930,36726,39800,
17-11-06/23:00:00,25984,41208,243228,48692,21819,27938,36733,39812,
17-11-07/23:00:00,25993,41222,243240,48703,21827,27947,36746,39827,
17-11-08/23:00:00,26002,41234,243250,48714,21834,27955,36758,39838,
17-11-09/23:00:00,26009,41244,243259,48725,21839,27961,36767,39847,
17-11-10/23:00:00,26014,41251,243265,48736,21843,27966,36774,39853,
17-11-11/23:00:00,26014,41251,243265,48736,21843,27966,36774,39853,
17-11-12/23:00:00,26014,41252,243265,48736,21843,27966,36775,39853,
17-11-13/23:00:00,26023,41263,243275,48748,21850,27974,36786,39864,
17-11-14/23:00:00,26032,41275,243285,48760,21856,27982,36798,39876,
17-11-15/23:00:00,26039,41285,243295,48772,21861,27989,36807,39885,
17-11-16/23:00:00,26046,41296,243303,48784,21866,27995,36816,39894,
17-11-17/23:00:00,26053,41305,243312,48799,21872,28002,36825,39902,
17-11-18/23:00:00,26055,41310,243316,48807,21874,28004,36828,39905,
17-11-19/23:00:00,26057,41313,243318,48817,21876,28007,36831,39907,
17-11-20/23:00:00,26064,41325,243328,48830,21884,28015,36842,39917,
17-11-21/23:00:00,26071,41334,243337,48845,21890,28022,36852,39924,
17-11-22/23:00:00,26078,41342,243343,48860,21896,28027,36861,39930,
17-11-23/23:00:00,26084,41347,243348,48873,21900,28032,36869,39935,
17-11-24/23:00:00,26092,41355,243355,48887,21905,28037,36878,39941,
17-11-25/23:00:00,26095,41357,243357,48899,21908,28040,36881,39943,
17-11-26/23:00:00,26099,41361,243361,48912,21912,28043,36886,39945,
17-11-27/23:00:00,26110,41373,243371,48925,21920,28049,36894,39956,
17-11-28/23:00:00,26119,41383,243380,48935,21926,28055,36902,39966,
17-11-29/23:00:00,26129,41396,243391,48946,21934,28063,36915,39978,
17-11-30/23:00:00,26140,41412,243405,48955,21942,28073,36929,39992,
17-12-01/23:00:00,26152,41429,243419,48965,21950,28083,36944,40007,
17-12-02/23:00:00,26160,41441,243429,48971,21955,28090,36954,40020,
17-12-03/23:00:00,26169,41453,243439,48977,21960,28098,36965,40033,
17-12-04/23:00:00,26179,41467,243451,48989,21968,28107,36978,40044,
17-12-05/23:00:00,26188,41480,243462,49000,21976,28116,36990,40052,
17-12-06/23:00:00,26197,41494,243474,49010,21983,28124,37002,40060,
17-12-07/23:00:00,26207,41510,243487,49022,21991,28133,37015,40071,
17-12-08/23:00:00,26216,41526,243501,49032,21999,28142,37028,40080,
17-12-09/23:00:00,26222,41537,243509,49039,22003,28145,37032,40081,
17-12-10/23:00:00,26228,41544,243515,49051,22006,28146,37032,40082,
17-12-11/23:00:00,26238,41557,243527,49064,22013,28154,37037,40088,
17-12-12/23:00:00,26246,41574,243541,49075,22022,28163,37046,40097,
17-12-13/23:00:00,26251,41587,243553,49089,22029,28170,37055,40103,
17-12-14/23:00:00,26259,41600,243564,49102,22037,28180,37068,40114,
17-12-15/23:00:00,26267,41614,243576,49113,22044,28190,37083,40124,
17-12-16/23:00:01,26272,41623,243583,49123,22048,28196,37090,40131,
17-12-17/23:00:00,26277,41630,243590,49134,22053,28201,37097,40139,
17-12-18/23:00:00,26286,41642,243600,49147,22060,28211,37110,40148,
17-12-19/23:00:00,26295,41658,243614,49158,22069,28222,37126,40158,
17-12-20/23:00:00,26303,41670,243624,49171,22075,28232,37139,40166,
17-12-21/23:00:00,26309,41678,243632,49186,22081,28239,37150,40173,
17-12-22/23:00:00,26315,41687,243639,49200,22087,28247,37160,40180,
17-12-23/23:00:00,26317,41690,243642,49210,22088,28249,37164,40185,
17-12-24/23:00:00,26319,41692,243644,49222,22090,28252,37168,40190,
17-12-25/23:00:01,26322,41695,243646,49232,22092,28255,37173,40196,
17-12-26/23:00:00,26326,41698,243649,49243,22095,28258,37177,40202,
17-12-27/23:00:00,26328,41701,243652,49254,22096,28261,37182,40207,
17-12-28/23:00:00,26331,41704,243654,49264,22098,28264,37186,40211,
17-12-29/23:00:00,26334,41708,243657,49274,22100,28267,37191,40215,
17-12-30/23:00:00,26336,41710,243659,49287,22101,28269,37194,40218,
17-12-31/23:00:01,26337,41713,243662,49299,22103,28272,37198,40221,
18-01-01/23:00:00,26340,41716,243664,49311,22105,28275,37203,40224,
18-01-02/23:00:00,26351,41728,243675,49324,22113,28286,37215,40234,
18-01-03/23:00:01,26361,41738,243684,49339,22121,28297,37227,40242,
18-01-04/23:00:00,26369,41746,243691,49354,22127,28305,37237,40248,
18-01-05/23:00:00,26377,41755,243699,49369,22134,28314,37248,40256,
18-01-06/23:00:00,26383,41758,243702,49377,22135,28317,37252,40261,
18-01-07/23:00:00,26389,41760,243704,49386,22137,28320,37257,40265,
18-01-08/23:00:00,26400,41771,243714,49399,22145,28330,37269,40274,
18-01-09/23:00:00,26408,41783,243725,49411,22153,28340,37281,40283,
18-01-10/23:00:00,26416,41795,243736,49424,22160,28348,37292,40292,
18-01-11/23:00:00,26424,41806,243746,49437,22167,28357,37303,40301,
18-01-12/23:00:00,26431,41817,243757,49449,22174,28366,37315,40310,
18-01-13/23:00:00,26437,41823,243763,49459,22179,28370,37321,40316,
18-01-14/23:00:01,26443,41828,243767,49469,22183,28373,37325,40322,
18-01-15/23:00:01,26452,41841,243779,49482,22189,28382,37336,40333,
18-01-16/23:00:00,26459,41852,243790,49494,22195,28390,37346,40344,
18-01-17/23:00:00,26467,41864,243801,49506,22201,28400,37358,40357,
18-01-18/23:00:01,26474,41874,243811,49521,22206,28408,37368,40368,
18-01-19/23:00:01,26483,41885,243822,49533,22212,28417,37379,40379,
18-01-20/23:00:00,26488,41890,243826,49544,22214,28421,37385,40386,
18-01-21/23:00:00,26493,41893,243829,49555,22216,28424,37389,40391,
18-01-22/23:00:00,26500,41903,243838,49570,22221,28432,37400,40401,
18-01-23/23:00:01,26508,41914,243849,49585,22227,28440,37410,40411,
18-01-24/23:00:00,26513,41923,243858,49601,22232,28446,37419,40419,
18-01-25/23:00:00,26521,41934,243869,49615,22238,28454,37429,40429,
18-01-26/23:00:00,26528,41946,243880,49629,22244,28462,37440,40439,
18-01-27/23:00:00,26534,41954,243886,49637,22248,28467,37446,40447,
18-01-28/23:00:00,26538,41958,243890,49649,22250,28469,37451,40452,
18-01-29/23:00:00,26546,41969,243901,49663,22256,28478,37462,40463,
18-01-30/23:00:00,26553,41979,243911,49679,22262,28486,37473,40472,
18-01-31/23:00:01,26561,41989,243921,49693,22268,28494,37484,40483,
18-02-01/23:00:01,26571,42003,243933,49705,22275,28504,37497,40496,
18-02-02/23:00:00,26577,42011,243940,49712,22280,28510,37508,40505,
18-02-03/23:00:00,26583,42019,243947,49722,22284,28515,37515,40514,
18-02-04/23:00:00,26588,42026,243953,49730,22288,28521,37522,40519,
18-02-05/23:00:00,26602,42045,243970,49739,22298,28534,37540,40530,
18-02-06/23:00:00,26615,42064,243986,49748,22308,28548,37558,40543,
18-02-07/23:00:00,26628,42083,244003,49757,22319,28562,37576,40557,
18-02-08/23:00:00,26640,42100,244018,49766,22329,28575,37594,40569,
18-02-09/23:00:00,26652,42118,244035,49775,22340,28589,37612,40582,
18-02-10/23:00:00,26660,42129,244044,49785,22345,28597,37622,40590,
18-02-11/23:00:00,26667,42136,244051,49795,22349,28603,37628,40597,
18-02-12/23:00:00,26678,42150,244064,49806,22359,28614,37644,40609,
18-02-13/23:00:00,26689,42165,244077,49816,22369,28626,37661,40624,
18-02-14/23:00:00,26700,42178,244090,49826,22377,28636,37675,40638,
18-02-15/23:00:00,26708,42188,244100,49840,22384,28644,37686,40648,
18-02-16/23:00:00,26717,42200,244110,49852,22391,28652,37698,40658,
18-02-17/23:00:00,26722,42206,244116,49862,22394,28655,37703,40664,
18-02-18/23:00:00,26729,42213,244123,49873,22398,28661,37711,40673,
18-02-19/23:00:00,26740,42228,244136,49884,22406,28671,37725,40687,
18-02-20/23:00:00,26749,42241,244149,49895,22414,28680,37738,40698,
18-02-21/23:00:00,26760,42256,244162,49904,22423,28690,37754,40712,
18-02-22/23:00:00,26770,42271,244176,49913,22432,28701,37770,40727,
18-02-23/23:00:00,26782,42288,244191,49922,22443,28713,37787,40742,
18-02-24/23:00:00,26793,42306,244208,49931,22454,28726,37806,40757,
18-02-25/23:00:00,26805,42325,244225,49937,22465,28737,37824,40773,
18-02-26/23:00:00,26818,42346,244243,49944,22477,28750,37848,40789,
18-02-27/23:00:00,26833,42369,244264,49950,22490,28766,37877,40807,
18-02-28/23:00:00,26840,42380,244273,49953,22496,28773,37888,40815,
18-03-01/23:00:00,26855,42402,244293,49962,22506,28788,37915,40831,
18-03-02/23:00:00,26867,42419,244308,49975,22516,28800,37937,40843,
18-03-03/23:00:00,26877,42433,244321,49987,22525,28810,37955,40853,
18-03-04/23:00:00,26886,42447,244334,49998,22534,28820,37972,40861,
18-03-05/23:00:00,26893,42459,244345,50012,22541,28828,37987,40869,
18-03-06/23:00:00,26900,42472,244357,50027,22548,28836,38002,40878,
18-03-07/23:00:00,26908,42487,244370,50040,22555,28845,38019,40887,
18-03-08/23:00:00,26915,42502,244384,50052,22562,28854,38036,40897,
18-03-09/23:00:00,26921,42513,244394,50066,22568,28861,38051,40903,
18-03-10/23:00:00,26923,42520,244401,50076,22572,28865,38059,40907,
18-03-11/23:00:00,26923,42520,244401,50076,22572,28865,38059,40907,
18-03-12/23:00:00,26930,42530,244410,50091,22579,28871,38071,40914,
18-03-13/23:00:00,26936,42541,244421,50104,22587,28876,38086,40922,
18-03-14/23:00:00,26943,42552,244430,50117,22593,28881,38101,40930,
18-03-15/23:00:00,26949,42562,244440,50131,22600,28885,38115,40937,
18-03-16/23:00:00,26954,42573,244450,50144,22606,28889,38129,40945,
18-03-17/23:00:00,26963,42587,244460,50153,22611,28897,38145,40954,
18-03-18/23:00:00,26973,42602,244473,50160,22617,28907,38166,40967,
18-03-19/23:00:00,26983,42617,244487,50168,22625,28919,38190,40980,
18-03-20/23:00:00,26992,42631,244499,50179,22633,28931,38212,40992,
18-03-21/23:00:00,27001,42644,244511,50189,22642,28940,38233,41003,
18-03-22/23:00:00,27008,42657,244522,50201,22651,28949,38253,41013,
18-03-23/23:00:00,27015,42669,244533,50213,22659,28957,38272,41022,
18-03-24/23:00:00,27021,42679,244543,50226,22665,28964,38286,41028,
18-03-25/23:00:00,27025,42688,244551,50235,22671,28969,38299,41034,
18-03-26/23:00:00,27030,42696,244559,50249,22678,28975,38315,41041,
18-03-27/23:00:00,27035,42705,244567,50262,22685,28981,38330,41048,
18-03-28/23:00:00,27040,42714,244576,50275,22692,28987,38344,41055,
18-03-29/23:00:00,27045,42724,244584,50286,22699,28994,38359,41063,
18-03-30/23:00:00,27051,42733,244593,50299,22707,29001,38374,41072,
18-03-31/23:00:00,27057,42742,244602,50310,22713,29007,38384,41078,
18-04-01/23:00:00,27063,42751,244610,50322,22720,29014,38394,41084,
18-04-02/23:00:00,27066,42756,244615,50330,22724,29018,38403,41088,
18-04-03/23:00:00,27071,42763,244622,50343,22730,29023,38416,41094,
18-04-04/23:00:00,27076,42771,244629,50356,22736,29029,38428,41101,
18-04-05/23:00:00,27081,42779,244637,50367,22743,29035,38439,41108,
18-04-06/23:00:00,27085,42784,244641,50375,22748,29039,38445,41113,
18-04-07/23:00:00,27086,42786,244642,50379,22749,29041,38447,41114,
18-04-08/23:00:00,27086,42786,244642,50379,22749,29041,38447,41114,
18-04-09/23:00:00,27089,42792,244648,50392,22756,29046,38457,41120,
18-04-10/23:00:00,27092,42796,244652,50400,22760,29049,38462,41123,
18-04-11/23:00:00,27093,42798,244654,50406,22763,29051,38463,41125,
18-04-12/23:00:00,27097,42803,244658,50417,22768,29055,38471,41130,
18-04-13/23:00:00,27099,42807,244662,50426,22773,29059,38476,41134,
18-04-14/23:00:00,27099,42807,244662,50426,22773,29059,38476,41134,
18-04-15/23:00:00,27099,42807,244662,50426,22773,29059,38477,41134,
18-04-16/23:00:00,27104,42814,244668,50438,22779,29064,38484,41139,
18-04-17/23:00:00,27107,42818,244672,50443,22783,29067,38489,41142,
18-04-18/23:00:00,27108,42820,244674,50446,22785,29068,38491,41144,
18-04-19/23:00:00,27109,42821,244675,50449,22787,29070,38494,41145,
18-04-20/23:00:00,27109,42821,244675,50449,22787,29070,38494,41145,
18-04-21/23:00:00,27109,42821,244675,50449,22787,29070,38494,41145,
18-04-22/23:00:00,27109,42821,244675,50449,22787,29070,38494,41145,
18-04-23/23:00:00,27110,42823,244677,50451,22789,29071,38495,41147,
18-04-24/23:00:00,27110,42824,244678,50456,22791,29073,38499,41149,
18-04-25/23:00:00,27114,42829,244681,50468,22797,29077,38506,41155,
18-04-26/23:00:00,27117,42835,244687,50481,22804,29082,38514,41161,
18-04-27/23:00:00,27120,42839,244691,50487,22808,29085,38519,41165,
18-04-28/23:00:00,27120,42839,244691,50487,22808,29085,38519,41165,
18-04-29/23:00:00,27120,42839,244691,50487,22808,29085,38519,41165,
18-04-30/23:00:00,27120,42839,244691,50487,22808,29085,38519,41165,
18-05-01/23:00:00,27121,42839,244691,50487,22808,29085,38519,41165,
18-05-02/23:00:00,27125,42846,244697,50492,22811,29088,38525,41169,
18-05-03/23:00:00,27130,42852,244702,50501,22816,29092,38531,41174,
18-05-04/23:00:00,27134,42855,244705,50509,22820,29095,38536,41179,
18-05-05/23:00:00,27134,42855,244705,50509,22820,29095,38536,41179,
18-05-06/23:00:00,27134,42855,244705,50509,22820,29095,38536,41179,
18-05-07/23:00:00,27134,42855,244705,50509,22820,29095,38536,41179,
18-05-08/23:00:10,27134,42855,244705,50509,22821,29095,38536,41179,
18-05-09/23:00:09,27136,42857,244706,50519,22823,29096,38540,41181,
18-05-10/23:00:10,27136,42857,244707,50521,22823,29096,38540,41182,
18-05-11/23:00:11,27139,42859,244709,50528,22827,29098,38544,41185,
18-05-12/23:00:10,27139,42859,244709,50528,22827,29098,38544,41185,
18-05-13/23:00:09,27139,42859,244709,50528,22827,29098,38544,41185,
18-05-14/23:00:10,27145,42864,244713,50538,22833,29101,38553,41191,
18-05-15/23:00:09,27147,42866,244715,50550,22836,29103,38558,41195,
18-05-16/23:00:00,27149,42867,244716,50558,22838,29104,38561,41197,
18-05-17/23:00:00,27151,42869,244718,50565,22841,29105,38566,41200,
18-05-18/23:00:00,27155,42872,244720,50573,22844,29107,38571,41204,
18-05-19/23:00:00,27155,42872,244720,50574,22844,29107,38571,41204,
18-05-20/23:00:00,27155,42872,244720,50574,22844,29107,38571,41204,
18-05-21/23:00:00,27155,42872,244720,50574,22844,29107,38571,41204,
18-05-22/23:00:00,27155,42872,244720,50574,22844,29107,38571,41204,
18-05-23/23:00:00,27155,42872,244720,50574,22844,29107,38571,41204,
18-05-24/23:00:00,27155,42872,244720,50574,22844,29107,38571,41204,
18-05-25/23:00:00,27155,42872,244720,50574,22844,29107,38571,41204,
18-05-26/23:00:00,27155,42872,244720,50574,22844,29107,38571,41204,
18-05-27/23:00:00,27155,42872,244720,50574,22844,29107,38571,41204,
18-05-28/23:00:00,27155,42872,244720,50574,22844,29107,38571,41204,
18-05-29/23:00:00,27155,42872,244720,50574,22844,29107,38571,41204,
18-05-30/23:00:00,27155,42872,244720,50574,22844,29107,38571,41204,
18-05-31/23:00:00,27155,42872,244720,50574,22844,29107,38571,41204,
18-06-01/23:00:00,27155,42872,244720,50574,22844,29107,38571,41204,
18-06-02/23:00:00,27155,42872,244720,50574,22844,29107,38571,41204,
18-06-03/23:00:00,27155,42872,244720,50574,22844,29107,38571,41204,
18-06-04/23:00:00,27155,42872,244720,50574,22844,29107,38571,41204,
18-06-05/23:00:00,27155,42872,244720,50574,22844,29107,38571,41204,
18-06-06/23:00:00,27155,42872,244720,50574,22844,29107,38571,41204,
18-06-07/23:00:00,27155,42872,244720,50574,22844,29107,38571,41204,
18-06-08/23:00:00,27155,42872,244720,50574,22844,29107,38571,41204,
18-06-09/23:00:00,27155,42872,244720,50574,22844,29107,38571,41204,
18-06-10/23:00:00,27155,42873,244720,50574,22844,29107,38571,41204,
18-06-11/23:00:00,27155,42873,244720,50574,22844,29107,38571,41204,
18-06-12/23:00:00,27155,42873,244720,50574,22844,29107,38571,41204,
18-06-13/23:00:00,27155,42873,244720,50574,22844,29107,38571,41204,
18-06-14/23:00:00,27155,42873,244720,50574,22844,29107,38571,41204,
18-06-15/23:00:00,27155,42873,244720,50574,22844,29107,38571,41204,
18-06-16/23:00:00,27155,42873,244720,50574,22844,29107,38571,41204,
18-06-17/23:00:00,27155,42873,244720,50574,22844,29107,38571,41204,
18-06-18/23:00:00,27155,42873,244720,50574,22844,29107,38571,41204,
18-06-19/23:00:00,27155,42873,244720,50574,22844,29107,38571,41204,
18-06-20/23:00:00,27155,42873,244720,50574,22844,29107,38571,41204,
18-06-21/23:00:00,27155,42873,244720,50574,22844,29107,38571,41204,
18-06-22/23:00:00,27155,42873,244720,50574,22844,29107,38571,41204,
18-06-23/23:00:00,27155,42873,244720,50574,22844,29107,38571,41204,
18-06-24/23:00:00,27155,42873,244720,50574,22844,29107,38571,41204,
18-06-25/23:00:00,27155,42873,244720,50574,22844,29107,38571,41204,
18-06-26/23:00:00,27155,42873,244720,50574,22844,29107,38571,41204,
18-06-27/23:00:00,27155,42873,244720,50574,22844,29107,38571,41204,
18-06-28/23:00:00,27155,42873,244720,50574,22844,29107,38571,41204,
18-06-29/23:00:00,27155,42873,244720,50574,22844,29107,38571,41204,
18-06-30/23:00:00,27155,42873,244720,50574,22844,29107,38571,41204,
18-07-01/23:00:00,27155,42873,244720,50574,22844,29107,38571,41204,
18-07-02/23:00:00,27155,42873,244720,50574,22844,29107,38571,41204,
18-07-03/23:00:00,27155,42873,244720,50574,22844,29107,38571,41204,
18-07-04/23:00:00,27155,42873,244720,50574,22844,29107,38571,41204,
18-07-05/23:00:00,27155,42873,244720,50574,22844,29107,38571,41204,
18-07-06/23:00:00,27155,42873,244720,50574,22844,29107,38571,41204,
18-07-07/23:00:00,27155,42873,244720,50574,22844,29107,38571,41204,
18-07-08/23:00:00,27155,42873,244720,50574,22844,29107,38571,41204,
18-07-09/23:00:00,27155,42873,244720,50574,22844,29107,38571,41204,
18-07-10/23:00:00,27155,42873,244720,50574,22844,29107,38571,41204,
18-07-11/23:00:00,27155,42873,244720,50574,22844,29107,38571,41204,
18-07-12/23:00:00,27155,42873,244720,50574,22844,29107,38571,41204,
18-07-13/23:00:00,27155,42873,244720,50574,22844,29107,38571,41204,
18-07-14/23:00:00,27155,42873,244720,50574,22844,29107,38571,41204,
18-07-15/23:00:00,27155,42873,244720,50574,22844,29107,38571,41204,
18-07-16/23:00:00,27155,42873,244720,50574,22844,29107,38571,41204,
18-07-17/23:00:00,27155,42873,244720,50574,22844,29107,38571,41204,
18-07-18/23:00:00,27155,42873,244720,50574,22844,29107,38571,41204,
18-07-19/23:00:00,27155,42873,244720,50574,22844,29107,38571,41204,
18-07-20/23:00:00,27155,42873,244720,50574,22844,29107,38571,41204,
18-07-21/23:00:00,27155,42873,244720,50574,22844,29107,38571,41204,
18-07-22/23:00:00,27155,42873,244720,50574,22844,29107,38571,41204,
18-07-23/23:00:00,27155,42873,244720,50574,22844,29107,38571,41204,
18-07-24/23:00:00,27155,42873,244720,50574,22844,29107,38571,41204,
18-07-25/23:00:00,27155,42873,244720,50574,22844,29107,38571,41204,
18-07-26/23:00:00,27155,42873,244720,50574,22844,29107,38571,41204,
18-07-27/23:00:00,27155,42873,244720,50574,22844,29107,38571,41204,
18-07-28/23:00:00,27155,42873,244720,50574,22844,29107,38571,41204,
18-07-29/23:00:00,27155,42873,244720,50574,22844,29107,38571,41204,
18-07-30/23:00:00,27155,42873,244720,50574,22844,29107,38571,41204,
18-07-31/23:00:00,27155,42873,244720,50574,22844,29107,38571,41204,
18-08-01/23:00:00,27155,42873,244720,50574,22844,29107,38571,41204,
18-08-02/23:00:00,27155,42873,244721,50574,22844,29107,38571,41204,
18-08-03/23:00:00,27155,42873,244721,50574,22844,29107,38571,41204,
18-08-04/23:00:00,27155,42873,244721,50574,22844,29107,38571,41204,
18-08-05/23:00:00,27155,42873,244721,50574,22844,29107,38571,41204,
18-08-06/23:00:00,27155,42873,244721,50574,22844,29107,38571,41204,
18-08-07/23:00:00,27155,42873,244721,50574,22844,29107,38571,41204,
18-08-08/23:00:00,27155,42873,244721,50574,22844,29107,38571,41204,
18-08-09/23:00:00,27155,42873,244721,50574,22844,29107,38571,41204,
18-08-10/23:00:00,27155,42873,244721,50574,22844,29107,38571,41204,
18-08-11/23:00:00,27155,42873,244721,50574,22844,29107,38571,41204,
18-08-12/23:00:00,27155,42873,244721,50574,22844,29107,38571,41204,
18-08-13/23:00:00,27155,42873,244721,50574,22844,29107,38571,41204,
18-08-14/23:00:00,27155,42873,244721,50574,22844,29107,38571,41204,
18-08-15/23:00:00,27155,42873,244721,50574,22844,29107,38571,41204,
18-08-16/23:00:00,27155,42873,244721,50574,22844,29107,38571,41204,
18-08-17/23:00:00,27155,42873,244721,50574,22844,29107,38571,41204,
18-08-18/23:00:00,27155,42873,244721,50574,22844,29107,38571,41204,
18-08-19/23:00:00,27155,42873,244721,50574,22844,29107,38571,41204,
18-08-20/23:00:00,27155,42873,244721,50574,22844,29107,38571,41204,
18-08-21/23:00:00,27155,42873,244721,50574,22844,29107,38571,41204,
18-08-22/23:00:00,27155,42873,244721,50574,22844,29107,38571,41204,
18-08-23/23:00:00,27155,42873,244721,50574,22844,29107,38571,41204,
18-08-24/23:00:00,27155,42873,244721,50574,22844,29107,38571,41204,
18-08-25/23:00:00,27155,42873,244721,50574,22844,29107,38571,41204,
18-08-26/23:00:00,27155,42873,244721,50574,22844,29107,38571,41204,
18-08-27/23:00:00,27155,42873,244721,50574,22844,29107,38571,41204,
18-08-28/23:00:00,27155,42873,244721,50574,22844,29107,38571,41204,
18-08-29/23:00:00,27155,42873,244721,50574,22844,29107,38571,41204,
18-08-30/23:00:00,27155,42873,244721,50574,22844,29107,38571,41204,
18-08-31/23:00:00,27155,42873,244721,50574,22844,29107,38571,41204,
18-09-01/23:00:00,27155,42873,244721,50574,22844,29107,38571,41204,
18-09-02/23:00:00,27155,42873,244721,50574,22844,29107,38571,41204,
18-09-03/23:00:00,27155,42873,244721,50574,22844,29107,38571,41204,
18-09-04/23:00:00,27155,42873,244721,50574,22844,29107,38571,41204,
18-09-05/23:00:00,27155,42873,244721,50574,22844,29107,38571,41204,
18-09-06/23:00:00,27155,42873,244721,50574,22844,29107,38571,41204,
18-09-07/23:00:00,27155,42873,244721,50574,22844,29107,38571,41204,
18-09-08/23:00:00,27155,42873,244721,50574,22844,29107,38571,41204,
18-09-09/23:00:00,27155,42873,244721,50574,22844,29107,38571,41204,
18-09-10/23:00:00,27155,42873,244721,50574,22844,29107,38571,41204,
18-09-11/23:00:00,27155,42873,244721,50574,22844,29107,38571,41204,
18-09-12/23:00:00,27155,42873,244721,50574,22844,29107,38571,41204,
18-09-13/23:00:00,27155,42873,244721,50574,22844,29107,38571,41204,
18-09-14/23:00:00,27155,42873,244721,50574,22845,29107,38571,41204,
18-09-15/23:00:00,27155,42873,244721,50574,22845,29107,38571,41204,
18-09-16/23:00:00,27155,42873,244721,50574,22845,29107,38571,41204,
18-09-17/23:00:00,27155,42874,244721,50574,22845,29107,38571,41204,
18-09-18/23:00:00,27155,42874,244721,50574,22845,29107,38571,41204,
18-09-19/23:00:00,27155,42874,244721,50574,22845,29107,38571,41204,
18-09-20/23:00:00,27155,42874,244721,50574,22845,29107,38571,41204,
18-09-21/23:00:00,27155,42874,244721,50574,22845,29107,38571,41204,
18-09-22/23:00:00,27155,42874,244721,50576,22845,29107,38571,41204,
18-09-23/23:00:00,27155,42874,244721,50577,22845,29107,38571,41204,
18-09-24/23:00:00,27156,42874,244721,50584,22847,29107,38571,41204,
18-09-25/23:00:00,27159,42878,244724,50602,22852,29107,38571,41208,
18-09-26/23:00:00,27163,42882,244728,50619,22857,29107,38571,41213,
18-09-27/23:00:00,27165,42886,244732,50630,22860,29107,38572,41216,
18-09-28/23:00:00,27165,42886,244732,50632,22860,29107,38572,41216,
18-09-29/23:00:00,27165,42886,244732,50633,22860,29107,38572,41216,
18-09-30/23:00:00,27165,42886,244732,50635,22861,29107,38572,41216,
